"3-Digit ZIP Code Prefix","Prefix Modifier","Column A 3-Digit Destinations Label To","Unique 3-digit city","Column B 3-Digit/Scheme Destinations Label To","Scheme modifier","Column C SCF Destinations Label To"
"	005","	","	MID-ISLAND NY 005","	","	MID-ISLAND NY 005 ","	","	SCF MID-ISLAND NY 117"
"	006","	N","	SAN JUAN PR 006","	","	SAN JUAN PR 006 ","	S","	SCF SAN JUAN PR 006"
"	007","	N","	SAN JUAN PR 007","	","	SAN JUAN PR 006 ","	S","	SCF SAN JUAN PR 006"
"	008","	N","	SAN JUAN PR 008","	","	SAN JUAN PR 006 ","	S","	SCF SAN JUAN PR 006"
"	009","	N","	SAN JUAN PR 009","	U","	SAN JUAN PR 006 ","	S","	SCF SAN JUAN PR 006"
"	010","	N","	HARTFORD CT 010","	","	HARTFORD CT 010 ","	","	SCF HARTFORD CT 060"
"	011","	N","	HARTFORD CT 011","	U","	HARTFORD CT 011 ","	","	SCF HARTFORD CT 060"
"	012","	","	HARTFORD CT 012","	","	HARTFORD CT 012 ","	","	SCF HARTFORD CT 060"
"	013","	N","	CENTRAL MA 013","	","	CENTRAL MA 015 ","	S","	SCF CENTRAL MA 015"
"	014","	N","	CENTRAL MA 014","	","	CENTRAL MA 015 ","	S","	SCF CENTRAL MA 015"
"	015","	N","	CENTRAL MA 015","	","	CENTRAL MA 015 ","	S","	SCF CENTRAL MA 015"
"	016","	","	WORCESTER MA 016","	U","	WORCESTER MA 016 ","	","	SCF CENTRAL MA 015"
"	017","	","	CENTRAL MA 017","	","	CENTRAL MA 015 ","	S","	SCF CENTRAL MA 015"
"	018","	N","	MIDDLESEX-ESX MA 018","	","	MIDDLESEX-ESX MA 018 ","	S","	SCF MIDDLESEX-ESX MA 018"
"	019","	N","	MIDDLESEX-ESX MA 019","	","	MIDDLESEX-ESX MA 018 ","	S","	SCF MIDDLESEX-ESX MA 018"
"	020","	N","	BROCKTON MA 020","	","	BROCKTON MA 023 ","	S","	SCF BROCKTON MA 023"
"	021","	N","	BOSTON MA 021","	U","	BOSTON MA 021 ","	S","	SCF BOSTON MA 021"
"	022","	N","	BOSTON MA 022","	U","	BOSTON MA 021 ","	S","	SCF BOSTON MA 021"
"	023","	N","	BROCKTON MA 023","	","	BROCKTON MA 023 ","	S","	SCF BROCKTON MA 023"
"	024","	","	NORTHWEST BOS MA 024","	","	NORTHWEST BOS MA 024 ","	","	SCF BOSTON MA 021"
"	025","	N","	PROVIDENCE RI 025","	","	PROVIDENCE RI 025 ","	S","	SCF PROVIDENCE RI 028"
"	026","	N","	PROVIDENCE RI 026","	","	PROVIDENCE RI 025 ","	S","	SCF PROVIDENCE RI 028"
"	027","	","	PROVIDENCE RI 027","	","	PROVIDENCE RI 028 ","	S","	SCF PROVIDENCE RI 028"
"	028","	","	PROVIDENCE RI 028","	","	PROVIDENCE RI 028 ","	S","	SCF PROVIDENCE RI 028"
"	029","	","	PROVIDENCE RI 029","	U","	PROVIDENCE RI 029 ","	","	SCF PROVIDENCE RI 028"
"	030","	N","	MANCHESTER NH 030","	","	MANCHESTER NH 030 ","	","	SCF MANCHESTER NH 030"
"	031","	","	MANCHESTER NH 031","	U","	MANCHESTER NH 031 ","	","	SCF MANCHESTER NH 030"
"	032","	N","	MANCHESTER NH 032","	","	MANCHESTER NH 032 ","	","	SCF MANCHESTER NH 030"
"	033","	","	CONCORD NH 033","	U","	CONCORD NH 033 ","	","	SCF MANCHESTER NH 030"
"	034","	N","	MANCHESTER NH 034","	","	MANCHESTER NH 034 ","	","	SCF MANCHESTER NH 030"
"	035","	","	WHITE RIV JCT VT 035","	","	WHITE RIV JCT VT 051 ","	S","	SCF WHITE RIV JCT VT 050"
"	036","	","	WHITE RIV JCT VT 036","	","	WHITE RIV JCT VT 051 ","	S","	SCF WHITE RIV JCT VT 050"
"	037","	","	WHITE RIV JCT VT 037","	","	WHITE RIV JCT VT 050 ","	S","	SCF WHITE RIV JCT VT 050"
"	038","	N","	MANCHESTER NH 038","	","	MANCHESTER NH 038 ","	","	SCF MANCHESTER NH 030"
"	039","	N","	SOUTHERN  ME 039","	","	SOUTHERN  ME 039 ","	","	SCF SOUTHERN ME 040"
"	040","	","	SOUTHERN ME 040","	","	SOUTHERN ME 040 ","	","	SCF SOUTHERN ME 040"
"	041","	","	SOUTHERN ME 041","	U","	SOUTHERN ME 041 ","	","	SCF SOUTHERN ME 040"
"	042","	","	SOUTHERN ME 042","	","	SOUTHERN ME 042 ","	","	SCF SOUTHERN ME 040"
"	043","	","	SOUTHERN ME 043","	","	SOUTHERN ME 043 ","	","	SCF SOUTHERN ME 040"
"	044","	","	EASTERN ME 044","	","	EASTERN ME 044 ","	","	SCF EASTERN ME 044"
"	045","	","	SOUTHERN ME 045","	","	SOUTHERN ME 045 ","	","	SCF SOUTHERN ME 040"
"	046","	","	EASTERN ME 046","	","	EASTERN ME 046 ","	","	SCF EASTERN ME 044"
"	047","	","	EASTERN ME 047","	","	EASTERN ME 047 ","	","	SCF EASTERN ME 044"
"	048","	","	SOUTHERN ME 048","	","	SOUTHERN ME 048 ","	","	SCF SOUTHERN ME 040"
"	049","	","	EASTERN ME 049","	","	EASTERN ME 049 ","	","	SCF EASTERN ME 044"
"	050","	","	WHITE RIV JCT VT 050","	","	WHITE RIV JCT VT 050 ","	S","	SCF WHITE RIV JCT VT 050"
"	051","	","	WHITE RIV JCT VT 051","	","	WHITE RIV JCT VT 051 ","	S","	SCF WHITE RIV JCT VT 050"
"	052","	","	WHITE RIV JCT VT 052","	","	WHITE RIV JCT VT 051 ","	S","	SCF WHITE RIV JCT VT 050"
"	053","	","	WHITE RIV JCT VT 053","	","	WHITE RIV JCT VT 051 ","	S","	SCF WHITE RIV JCT VT 050"
"	054","	","	BURLINGTON VT 054","	","	BURLINGTON VT 054 ","	S","	SCF BURLINGTON VT 054"
"	055","	N","	MIDDLESEX-ESX MA 055","	","	MIDDLESEX-ESX MA 018 ","	S","	SCF MIDDLESEX-ESX MA 018"
"	056","	","	BURLINGTON VT 056","	","	BURLINGTON VT 054 ","	S","	SCF BURLINGTON VT 054"
"	057","	","	WHITE RIV JCT VT 057","	","	WHITE RIV JCT VT 057 ","	S","	SCF WHITE RIV JCT VT 050"
"	058","	","	WHITE RIV JCT VT 058","	","	WHITE RIV JCT VT 057 ","	S","	SCF WHITE RIV JCT VT 050"
"	059","	","	WHITE RIV JCT VT 059","	","	WHITE RIV JCT VT 051 ","	S","	SCF WHITE RIV JCT VT 050"
"	060","	N","	HARTFORD CT 060","	","	HARTFORD CT 060 ","	","	SCF HARTFORD CT 060"
"	061","	N","	HARTFORD CT 061","	U","	HARTFORD CT 061 ","	","	SCF HARTFORD CT 060"
"	062","	","	HARTFORD CT 062","	","	HARTFORD CT 062 ","	","	SCF HARTFORD CT 060"
"	063","	","	HARTFORD CT 063","	","	HARTFORD CT 063 ","	","	SCF HARTFORD CT 060"
"	064","	","	HARTFORD CT 064","	","	HARTFORD CT 064 ","	","	SCF HARTFORD CT 060"
"	065","	","	HARTFORD CT 065","	","	HARTFORD CT 065 ","	","	SCF HARTFORD CT 060"
"	066","	","	WESTCHESTER  NY 066","	","	WESTCHESTER NY 066 ","	","	SCF WESTCHESTER NY 105"
"	067","	","	HARTFORD CT 067","	","	HARTFORD CT 067 ","	","	SCF HARTFORD CT 060"
"	068","	","	WESTCHESTER NY 068","	","	WESTCHESTER NY 068 ","	","	SCF WESTCHESTER NY 105"
"	069","	","	WESTCHESTER NY 069","	","	WESTCHESTER NY 069 ","	","	SCF WESTCHESTER NY 105"
"	070","	","	DV DANIELS NJ 070","	","	DV DANIELS NJ 070 ","	","	SCF DV DANIELS NJ 070"
"	071","	","	NEWARK NJ 071","	U","	NEWARK NJ 071 ","	","	SCF DV DANIELS NJ 070"
"	072","	","	ELIZABETH NJ 072","	U","	ELIZABETH NJ 072 ","	","	SCF DV DANIELS NJ 070"
"	073","	","	JERSEY CITY NJ 073","	U","	JERSEY CITY NJ 073 ","	","	SCF DV DANIELS NJ 070"
"	074","	","	NNJ METRO NJ 074","	","	NNJ METRO NJ 074 ","	","	SCF NNJ METRO NJ 076"
"	075","	","	NNJ METRO NJ 075","	U","	NNJ METRO NJ 075 ","	","	SCF NNJ METRO NJ 076"
"	076","	","	NNJ METRO NJ 076","	","	NNJ METRO NJ 076 ","	","	SCF NNJ METRO NJ 076"
"	077","	","	TRENTON NJ 077","	","	TRENTON NJ 077 ","	","	SCF TRENTON NJ 085"
"	078","	","	NNJ METRO NJ 078","	","	NNJ METRO NJ 078 ","	","	SCF NNJ METRO NJ 076"
"	079","	","	DV DANIELS NJ 079","	","	DV DANIELS NJ 079 ","	","	SCF DV DANIELS NJ 070"
"	080","	","	SOUTH JERSEY NJ 080","	","	SOUTH JERSEY NJ 080 ","	S","	SCF SOUTH JERSEY NJ 080"
"	081","	","	CAMDEN NJ 081","	U","	SOUTH JERSEY NJ 080 ","	S","	SCF SOUTH JERSEY NJ 080"
"	082","	","	SOUTH JERSEY NJ 082","	","	SOUTH JERSEY NJ 082 ","	S","	SCF SOUTH JERSEY NJ 080"
"	083","	","	SOUTH JERSEY NJ 083","	","	SOUTH JERSEY NJ 082 ","	S","	SCF SOUTH JERSEY NJ 080"
"	084","	","	ATLANTIC CITY NJ 084","	U","	SOUTH JERSEY NJ 082 ","	S","	SCF SOUTH JERSEY NJ 080"
"	085","	","	TRENTON NJ 085","	","	TRENTON NJ 085 ","	S","	SCF TRENTON NJ 085"
"	086","	","	TRENTON NJ 086","	U","	TRENTON NJ 085 ","	S","	SCF TRENTON NJ 085"
"	087","	","	TRENTON NJ 087","	","	TRENTON NJ 085 ","	S","	SCF TRENTON NJ 085"
"	088","	","	DV DANIELS NJ 088","	","	DV DANIELS NJ 088 ","	","	SCF DV DANIELS NJ 070"
"	089","	","	DV DANIELS NJ 089","	U","	DV DANIELS NJ 089 ","	","	SCF DV DANIELS NJ 070"
"	090","	","	APO   AE 090","	","	APO  AE 090 ","	","	"
"	091","	","	APO  AE 091","	","	APO  AE 091 ","	","	"
"	092","	","	APO  AE 092","	","	APO  AE 092 ","	","	"
"	093","	","	APO  AE 093","	","	APO  AE 093 ","	","	"
"	094","	","	APO/FPO  AE 094","	","	APO/FPO  AE 094 ","	","	"
"	095","	","	FPO  AE 095","	","	FPO  AE 095 ","	","	"
"	096","	","	APO/FPO AE 096","	","	APO/FPO  AE 096 ","	","	"
"	097","	","	APO/FPO  AE 097","	","	APO/FPO  AE 097 ","	","	"
"	098","	","	APO/FPO  AE 098","	","	APO/FPO  AE 098 ","	","	"
"	099","	","	APO/FPO  AE 099","	","	APO/FPO  AE 099 ","	","	"
"	100","	","	NEW YORK NY 100","	U","	NEW YORK NY 100 ","	","	SCF NEW YORK NY 100"
"	101","	","	NEW YORK NY 101","	U","	NEW YORK NY 101 ","	","	SCF NEW YORK NY 100"
"	102","	","	NEW YORK NY 102","	U","	NEW YORK NY 102 ","	","	SCF NEW YORK NY 100"
"	103","	","	BROOKLYN NY 103","	U","	BROOKLYN NY 103 ","	","	SCF BROOKLYN NY 112"
"	104","	","	BRONX NY 104","	U","	BRONX NY 104 ","	","	SCF NEW YORK NY 100"
"	105","	","	WESTCHESTER NY 105","	","	WESTCHESTER NY 105 ","	","	SCF WESTCHESTER NY 105"
"	106","	","	WHITE PLAINS NY 106","	U","	WHITE PLAINS NY 106 ","	","	SCF WESTCHESTER NY 105"
"	107","	","	YONKERS NY 107","	U","	YONKERS NY 107 ","	","	SCF WESTCHESTER NY 105"
"	108","	","	NEW ROCHELLE NY 108","	U","	NEW ROCHELLE NY 108 ","	","	SCF WESTCHESTER NY 105"
"	109","	","	WESTCHESTER NY 109","	","	WESTCHESTER NY 109 ","	","	SCF WESTCHESTER NY 105"
"	110","	","	WESTERN NASSAU NY 110","	","	W NASSAU NY 115 ","	S","	SCF WESTERN NASSAU NY 115"
"	111","	","	LONG ISLAND CITY NY 111","	U","	QUEENS NY 113 ","	S","	SCF QUEENS NY 113"
"	112","	N","	BROOKLYN NY 112","	U","	BROOKLYN NY 112 ","	","	SCF BROOKLYN NY 112"
"	113","	","	FLUSHING NY 113","	U","	QUEENS NY 113 ","	S","	SCF QUEENS NY 113"
"	114","	","	JAMAICA NY 114","	U","	QUEENS NY 113 ","	S","	SCF QUEENS NY 113"
"	115","	","	WESTERN NASSAU NY 115","	","	W NASSAU NY 115 ","	S","	SCF WESTERN NASSAU NY 115"
"	116","	N","	FAR ROCKAWAY NY 116","	U","	FAR ROCKAWAY NY 116 ","	","	SCF BROOKLYN NY 112"
"	117","	","	MID-ISLAND NY 117","	","	MID-ISLAND NY 117 ","	","	SCF MID-ISLAND NY 117"
"	118","	","	HICKSVILLE NY 118","	U","	HICKSVILLE NY 118 ","	","	SCF MID-ISLAND NY 117"
"	119","	","	MID-ISLAND NY 119","	","	MID-ISLAND NY 119 ","	","	SCF MID-ISLAND NY 117"
"	120","	N","	ALBANY NY 120","	","	ALBANY NY 120 ","	S","	SCF ALBANY NY 120"
"	121","	N","	ALBANY NY 121","	","	ALBANY NY 120 ","	S","	SCF ALBANY NY 120"
"	122","	N","	ALBANY NY 122","	U","	ALBANY NY 120 ","	S","	SCF ALBANY NY 120"
"	123","	N","	SCHENECTADY NY 123","	U","	ALBANY NY 120 ","	S","	SCF ALBANY NY 120"
"	124","	N","	MID-HUDSON NY 124","	","	MID-HUDSON NY 125 ","	S","	SCF MID-HUDSON NY 125"
"	125","	N","	MID-HUDSON NY 125","	","	MID-HUDSON NY 125 ","	S","	SCF MID-HUDSON NY 125"
"	126","	","	POUGHKEEPSIE NY 126","	U","	POUGHKEEPSIE NY 126 ","	","	SCF MID-HUDSON NY 125"
"	127","	N","	MID-HUDSON NY 127","	","	MID-HUDSON NY 125 ","	S","	SCF MID-HUDSON NY 125"
"	128","	","	ALBANY NY 128","	","	ALBANY NY 128 ","	","	SCF ALBANY NY 120"
"	129","	","	ALBANY NY 129","	","	ALBANY NY 129 ","	","	SCF ALBANY NY 120"
"	130","	N","	SYRACUSE NY 130","	","	SYRACUSE NY 130 ","	S","	SCF SYRACUSE NY 130"
"	131","	N","	SYRACUSE NY 131","	","	SYRACUSE NY 130 ","	S","	SCF SYRACUSE NY 130"
"	132","	N","	SYRACUSE NY 132","	U","	SYRACUSE NY 130 ","	S","	SCF SYRACUSE NY 130"
"	133","	N","	SYRACUSE NY 133","	","	SYRACUSE NY 130 ","	S","	SCF SYRACUSE NY 130"
"	134","	N","	SYRACUSE NY 134","	","	SYRACUSE NY 130 ","	S","	SCF SYRACUSE NY 130"
"	135","	","	SYRACUSE NY 135","	U","	SYRACUSE NY 130 ","	S","	SCF SYRACUSE NY 130"
"	136","	","	SYRACUSE NY 136","	","	SYRACUSE NY 130 ","	S","	SCF SYRACUSE NY 130"
"	137","	N","	SYRACUSE NY 137","	","	SYRACUSE NY 130 ","	S","	SCF SYRACUSE NY 130"
"	138","	N","	SYRACUSE NY 138","	","	SYRACUSE NY 130 ","	S","	SCF SYRACUSE NY 130"
"	139","	","	SYRACUSE NY 139","	","	SYRACUSE NY 130 ","	S","	SCF SYRACUSE NY 130"
"	140","	N","	BUFFALO NY 140","	","	BUFFALO NY 140 ","	S","	SCF BUFFALO NY 140"
"	141","	N","	BUFFALO NY 141","	","	BUFFALO NY 140 ","	S","	SCF BUFFALO NY 140"
"	142","	","	BUFFALO NY 142","	U","	BUFFALO NY 140 ","	S","	SCF BUFFALO NY 140"
"	143","	N","	NIAGARA FALLS NY 143","	U","	BUFFALO NY 140 ","	S","	SCF BUFFALO NY 140"
"	144","	N","	ROCHESTER NY 144","	","	ROCHESTER NY 144 ","	","	SCF ROCHESTER NY 144"
"	145","	N","	ROCHESTER NY 145","	","	ROCHESTER NY 145 ","	","	SCF ROCHESTER NY 144"
"	146","	","	ROCHESTER NY 146","	U","	ROCHESTER NY 146 ","	","	SCF ROCHESTER NY 144"
"	147","	","	BUFFALO NY 147","	","	BUFFALO NY 147 ","	","	SCF BUFFALO NY 140"
"	148","	N","	ROCHESTER NY 148","	","	ROCHESTER NY 148 ","	","	SCF ROCHESTER NY 144"
"	149","	N","	ROCHESTER NY 149","	","	ROCHESTER NY 149 ","	","	SCF ROCHESTER NY 144"
"	150","	","	PITTSBURGH PA 150","	","	PITTSBURGH PA 150 ","	","	SCF PITTSBURGH PA 150"
"	151","	","	PITTSBURGH PA 151","	","	PITTSBURGH PA 151 ","	","	SCF PITTSBURGH PA 150"
"	152","	","	PITTSBURGH PA 152","	U","	PITTSBURGH PA 152 ","	","	SCF PITTSBURGH PA 150"
"	153","	","	PITTSBURGH PA 153","	","	PITTSBURGH PA 153 ","	","	SCF PITTSBURGH PA 150"
"	154","	","	PITTSBURGH PA 154","	","	PITTSBURGH PA 154 ","	","	SCF PITTSBURGH PA 150"
"	155","	","	JOHNSTOWN PA 155","	","	JOHNSTOWN PA 155 ","	S","	SCF JOHNSTOWN PA 159"
"	156","	","	PITTSBURGH PA 156","	","	PITTSBURGH PA 156 ","	","	SCF PITTSBURGH PA 150"
"	157","	","	JOHNSTOWN PA 157","	","	JOHNSTOWN PA 155 ","	S","	SCF JOHNSTOWN PA 159"
"	158","	","	JOHNSTOWN PA 158","	","	JOHNSTOWN PA 158 ","	","	SCF JOHNSTOWN PA 159"
"	159","	","	JOHNSTOWN PA 159","	","	JOHNSTOWN PA 159 ","	","	SCF JOHNSTOWN PA 159"
"	160","	","	PITTSBURGH  PA 160","	","	PITTSBURGH PA 160 ","	","	SCF PITTSBURGH PA 150"
"	161","	","	PITTSBURGH PA 161","	","	PITTSBURGH PA 161 ","	","	SCF PITTSBURGH PA 150"
"	162","	","	PITTSBURGH PA 162","	","	PITTSBURGH PA 162 ","	","	SCF PITTSBURGH PA 150"
"	163","	","	PITTSBURGH PA 163","	","	PITTSBURGH PA 163 ","	","	SCF PITTSBURGH PA 150"
"	164","	","	PITTSBURGH PA 164","	","	PITTSBURGH PA 164 ","	","	SCF PITTSBURGH PA 150"
"	165","	","	PITTSBURGH PA 165","	","	PITTSBURGH PA 165 ","	","	SCF PITTSBURGH PA 150"
"	166","	","	JOHNSTOWN PA 166","	","	JOHNSTOWN PA 166 ","	","	SCF JOHNSTOWN PA 159"
"	167","	","	ROCHESTER NY 167","	","	ROCHESTER NY 167 ","	","	SCF ROCHESTER NY 144"
"	168","	","	JOHNSTOWN PA 168","	","	JOHNSTOWN PA 168 ","	","	SCF JOHNSTOWN PA 159"
"	169","	","	HARRISBURG PA 169","	","	HARRISBURG PA 169 ","	","	SCF HARRISBURG PA 170"
"	170","	","	HARRISBURG PA 170","	","	HARRISBURG PA 170 ","	","	SCF HARRISBURG PA 170"
"	171","	","	HARRISBURG PA 171","	U","	HARRISBURG PA 171 ","	","	SCF HARRISBURG PA 170"
"	172","	","	HARRISBURG PA 172","	","	HARRISBURG PA 172 ","	","	SCF HARRISBURG PA 170"
"	173","	","	HARRISBURG PA 173","	","	HARRISBURG PA 173 ","	","	SCF HARRISBURG PA 170"
"	174","	","	HARRISBURG PA 174","	","	HARRISBURG PA 174 ","	","	SCF HARRISBURG PA 170"
"	175","	","	HARRISBURG PA 175","	","	HARRISBURG PA 175 ","	","	SCF HARRISBURG PA 170"
"	176","	","	HARRISBURG PA 176","	","	HARRISBURG PA 176 ","	","	SCF HARRISBURG PA 170"
"	177","	","	HARRISBURG PA 177","	","	HARRISBURG PA 177 ","	","	SCF HARRISBURG PA 170"
"	178","	","	HARRISBURG PA 178","	","	HARRISBURG PA 178 ","	","	SCF HARRISBURG PA 170"
"	179","	","	HARRISBURG PA 179","	","	HARRISBURG PA 179 ","	","	SCF HARRISBURG PA 170"
"	180","	","	LEHIGH VALLEY PA 180","	","	LEHIGH VALLEY PA 180 ","	S","	SCF LEHIGH VALLEY PA 180"
"	181","	","	ALLENTOWN PA 181","	U","	LEHIGH VALLEY PA 180 ","	S","	SCF LEHIGH VALLEY PA 180"
"	182","	","	LEHIGH VALLEY  PA 182","	","	LEHIGH VALLEY PA 182 ","	","	SCF LEHIGH VALLEY PA 180"
"	183","	","	LEHIGH VALLEY PA 183","	","	LEHIGH VALLEY PA 180 ","	S","	SCF LEHIGH VALLEY PA 180"
"	184","	","	LEHIGH VALLEY PA 184","	","	LEHIGH VALLEY PA 184 ","	","	SCF LEHIGH VALLEY PA 180"
"	185","	","	LEHIGH VALLEY PA 185","	U","	LEHIGH VALLEY PA 185 ","	","	SCF LEHIGH VALLEY PA 180"
"	186","	","	LEHIGH VALLEY PA 186","	","	LEHIGH VALLEY PA 186 ","	","	SCF LEHIGH VALLEY PA 180"
"	187","	","	LEHIGH VALLEY PA 187","	","	LEHIGH VALLEY PA 187 ","	","	SCF LEHIGH VALLEY PA 180"
"	188","	","	LEHIGH VALLEY PA 188","	","	LEHIGH VALLEY PA 188 ","	","	SCF LEHIGH VALLEY PA 180"
"	189","	","	PHILADELPHIA PA 189","	","	PHILADELPHIA PA 189 ","	S","	SCF PHILADELPHIA PA 190"
"	190","	","	PHILADELPHIA PA 190","	","	PHILADELPHIA PA 190 ","	","	SCF PHILADELPHIA PA 190"
"	191","	","	PHILADELPHIA PA 191","	U","	PHILADELPHIA PA 191 ","	S","	SCF PHILADELPHIA PA 190"
"	192","	","	PHILADELPHIA PA 192","	","	PHILADELPHIA PA 191 ","	S","	SCF PHILADELPHIA PA 190"
"	193","	","	WILMINGTON DE 193","	","	WILMINGTON DE 197 ","	S","	SCF WILMINGTON DE 197"
"	194","	","	PHILADELPHIA PA 194","	","	PHILADELPHIA PA 189 ","	S","	SCF PHILADELPHIA PA 190"
"	195","	","	HARRISBURG PA 195","	","	HARRISBURG PA 195 ","	","	SCF HARRISBURG PA 170"
"	196","	","	HARRISBURG PA 196","	","	HARRISBURG PA 196 ","	","	SCF HARRISBURG PA 170"
"	197","	","	WILMINGTON DE 197","	","	WILMINGTON DE 197 ","	S","	SCF WILMINGTON DE 197"
"	198","	","	WILMINGTON DE 198","	U","	WILMINGTON DE 197 ","	S","	SCF WILMINGTON DE 197"
"	199","	","	WILMINGTON DE 199","	","	WILMINGTON DE 197 ","	S","	SCF WILMINGTON DE 197"
"	200","	N","	WASHINGTON DC 200","	U","	WASHINGTON DC 200 ","	","	WASHINGTON DC 200"
"	201","	N","	DULLES VA 201","	","	DULLES VA 201 ","	","	SCF DULLES VA 201"
"	202","	N","	WASHINGTON DC 202","	","	WASHINGTON DC 202 ","	","	SCF WASHINGTON DC 202"
"	203","	N","	WASHINGTON DC 203","	","	WASHINGTON DC 203 ","	","	SCF WASHINGTON DC 202"
"	204","	N","	WASHINGTON DC 204","	","	WASHINGTON DC 204 ","	","	SCF WASHINGTON DC 202"
"	205","	N","	WASHINGTON DC 205","	","	WASHINGTON DC 205 ","	","	SCF WASHINGTON DC 202"
"	206","	N","	SOUTHERN MD 206","	","	SOUTHERN MD 206 ","	","	SCF SOUTHERN MD 207"
"	207","	N","	SOUTHERN MD 207","	","	SOUTHERN MD 207 ","	","	SCF SOUTHERN MD 207"
"	208","	N","	SUBURBAN MD 208","	","	SUBURBAN MD 208 ","	","	SCF SUBURBAN MD 208"
"	209","	N","	SUBURBAN MD 209","	","	SUBURBAN MD 209 ","	","	SCF SUBURBAN MD 208"
"	210","	N","	LINTHICUM MD 210","	","	LINTHICUM MD 210 ","	","	SCF LINTHICUM MD 210"
"	211","	N","	LINTHICUM MD 211","	","	LINTHICUM MD 211 ","	","	SCF LINTHICUM MD 210"
"	212","	N","	BALTIMORE MD 212","	","	BALTIMORE MD 212 ","	","	SCF BALTIMORE MD 212"
"	214","	N","	LINTHICUM MD 214","	","	LINTHICUM MD 214 ","	","	SCF LINTHICUM MD 210"
"	215","	N","	BALTIMORE MD 215","	","	BALTIMORE MD 215 ","	","	SCF BALTIMORE MD 212"
"	216","	N","	EASTERN SHORE MD 216","	","	EASTERN SHORE MD 216 ","	","	SCF EASTERN SHORE MD 216"
"	217","	N","	FREDERICK MD 217","	","	FREDERICK MD 217 ","	","	SCF BALTIMORE MD 212"
"	218","	N","	SALISBURY MD 218","	","	EASTERN SHORE MD 218 ","	","	SCF EASTERN SHORE MD 216"
"	219","	N","	BALTIMORE MD 219","	","	BALTIMORE MD 219 ","	","	SCF BALTIMORE MD 212"
"	220","	N","	NORTHERN VA 220","	","	NORTHERN VA 220 ","	","	SCF NORTHERN VA 220"
"	221","	N","	NORTHERN VA 221","	","	NORTHERN VA 221 ","	","	SCF NORTHERN VA 220"
"	222","	N","	NORTHERN VA 222","	","	NORTHERN VA 222 ","	","	SCF NORTHERN VA 220"
"	223","	N","	NORTHERN VA 223","	","	NORTHERN VA 223 ","	","	SCF NORTHERN VA 220"
"	224","	N","	RICHMOND VA 224","	","	RICHMOND VA 224 ","	","	SCF RICHMOND VA 230"
"	225","	N","	RICHMOND VA 225","	","	RICHMOND VA 225 ","	","	SCF RICHMOND VA 230"
"	226","	N","	DULLES VA 226","	","	DULLES VA 226 ","	","	SCF DULLES VA 201"
"	227","	N","	DULLES VA 227","	","	DULLES VA 227 ","	","	SCF DULLES VA 201"
"	228","	N","	CHARLOTTESVLE VA 228","	","	CHARLOTTESVLE VA 228 ","	","	SCF RICHMOND VA 230"
"	229","	N","	CHARLOTTESVLE VA 229","	","	CHARLOTTESVLE VA 229 ","	","	SCF RICHMOND VA 230"
"	230","	N","	RICHMOND VA 230","	","	RICHMOND VA 230 ","	","	SCF RICHMOND VA 230"
"	231","	N","	RICHMOND VA 231","	","	RICHMOND VA 231 ","	","	SCF RICHMOND VA 230"
"	232","	N","	RICHMOND VA 232","	U","	RICHMOND VA 232 ","	","	SCF RICHMOND VA 230"
"	233","	N","	NORFOLK VA 233","	","	NORFOLK VA 233 ","	","	SCF NORFOLK VA 233"
"	234","	N","	NORFOLK VA 234","	","	NORFOLK VA 234 ","	","	SCF NORFOLK VA 233"
"	235","	N","	NORFOLK VA 235","	U","	NORFOLK VA 235 ","	","	SCF NORFOLK VA 233"
"	236","	N","	NORFOLK VA 236","	","	NORFOLK VA 236 ","	","	SCF NORFOLK VA 233"
"	237","	N","	PORTSMOUTH VA 237","	U","	NORFOLK VA 237 ","	","	SCF NORFOLK VA 233"
"	238","	N","	RICHMOND VA 238","	","	RICHMOND VA 238 ","	","	SCF RICHMOND VA 230"
"	239","	N","	RICHMOND VA 239","	","	RICHMOND VA 239 ","	","	SCF RICHMOND VA 230"
"	240","	","	ROANOKE VA 240","	","	ROANOKE VA 240 ","	S","	SCF ROANOKE VA 240"
"	241","	","	ROANOKE VA 241","	","	ROANOKE VA 240 ","	S","	SCF ROANOKE VA 240"
"	242","	","	KNOXVILLE TN 242","	","	KNOXVILLE TN 376 ","	S","	SCF KNOXVILLE TN 377"
"	243","	","	ROANOKE VA 243","	","	ROANOKE VA 243 ","	","	SCF ROANOKE VA 240"
"	244","	N","	CHARLOTTESVLE VA 244","	","	CHARLOTTESVLE VA 244 ","	","	SCF RICHMOND VA 230"
"	245","	","	ROANOKE VA 245","	","	ROANOKE VA 245 ","	","	SCF ROANOKE VA 240"
"	246","	","	CHARLESTON WV 246","	","	CHARLESTON WV 246 ","	","	SCF CHARLESTON WV 250"
"	247","	","	CHARLESTON WV 247","	","	CHARLESTON WV 247 ","	","	SCF CHARLESTON WV 250"
"	248","	","	CHARLESTON WV 248","	","	CHARLESTON WV 248 ","	","	SCF CHARLESTON WV 250"
"	249","	","	CHARLESTON WV 249","	","	CHARLESTON WV 249 ","	","	SCF CHARLESTON WV 250"
"	250","	","	CHARLESTON WV 250","	","	CHARLESTON WV 250 ","	S","	SCF CHARLESTON WV 250"
"	251","	","	CHARLESTON WV 251","	","	CHARLESTON WV 250 ","	S","	SCF CHARLESTON WV 250"
"	252","	","	CHARLESTON WV 252","	","	CHARLESTON WV 250 ","	S","	SCF CHARLESTON WV 250"
"	253","	","	CHARLESTON WV 253","	U","	CHARLESTON WV 253 ","	","	SCF CHARLESTON WV 250"
"	254","	N","	BALTIMORE MD 254","	","	BALTIMORE MD 254 ","	","	SCF HARRISBURG PA 170"
"	255","	","	CHARLESTON WV 255","	","	CHARLESTON WV 255 ","	","	SCF CHARLESTON WV 250"
"	256","	","	CHARLESTON WV 256","	","	CHARLESTON WV 256 ","	","	SCF CHARLESTON WV 250"
"	257","	","	CHARLESTON WV 257","	","	CHARLESTON WV 257 ","	","	SCF CHARLESTON WV 250"
"	258","	","	CHARLESTON WV 258","	","	CHARLESTON WV 258 ","	","	SCF CHARLESTON WV 250"
"	259","	","	CHARLESTON WV 259","	","	CHARLESTON WV 259 ","	","	SCF CHARLESTON WV 250"
"	260","	","	PITTSBURGH PA 260","	","	PITTSBURGH PA 260 ","	","	SCF PITTSBURGH PA 150"
"	261","	","	CHARLESTON WV 261","	","	CHARLESTON WV 261 ","	","	SCF CHARLESTON WV 250"
"	262","	","	CHARLESTON WV 262","	","	CHARLESTON WV 262 ","	","	SCF CHARLESTON WV 250"
"	263","	","	CHARLESTON WV 263","	","	CHARLESTON WV 263 ","	","	SCF CHARLESTON WV 250"
"	264","	","	CHARLESTON WV 264","	","	CHARLESTON WV 264 ","	","	SCF CHARLESTON WV 250"
"	265","	","	PITTSBURGH PA 265","	","	PITTSBURGH PA 265 ","	","	SCF PITTSBURGH PA 150"
"	266","	","	CHARLESTON WV 266","	","	CHARLESTON WV 266 ","	","	SCF CHARLESTON WV 250"
"	267","	N","	BALTIMORE MD 267","	","	BALTIMORE MD 267 ","	","	SCF BALTIMORE MD 212"
"	268","	N","	DULLES VA 268","	","	DULLES VA 268 ","	","	SCF DULLES VA 201"
"	270","	N","	GREENSBORO NC 270","	","	GREENSBORO NC 270 ","	","	SCF GREENSBORO NC 270"
"	271","	N","	GREENSBORO NC 271","	","	GREENSBORO NC 271 ","	","	SCF GREENSBORO NC 270"
"	272","	N","	GREENSBORO NC 272","	","	GREENSBORO NC 272 ","	","	SCF GREENSBORO NC 270"
"	273","	N","	GREENSBORO NC 273","	","	GREENSBORO NC 273 ","	","	SCF GREENSBORO NC 270"
"	274","	N","	GREENSBORO NC 274","	","	GREENSBORO NC 274 ","	","	SCF GREENSBORO NC 270"
"	275","	N","	RALEIGH NC 275","	","	RALEIGH NC 275 ","	","	SCF RALEIGH NC 275"
"	276","	N","	RALEIGH NC 276","	","	RALEIGH NC 276 ","	","	SCF RALEIGH NC 275"
"	277","	N","	DURHAM NC 277","	","	DURHAM NC 277 ","	","	SCF RALEIGH NC 275"
"	278","	","	ROCKY MOUNT NC 278","	","	ROCKY MOUNT NC 278 ","	","	SCF ROCKY MOUNT NC 278"
"	279","	","	ROCKY MOUNT NC 279","	","	ROCKY MOUNT NC 279 ","	","	SCF ROCKY MOUNT NC 278"
"	280","	N","	CHARLOTTE NC 280","	","	CHARLOTTE NC 280 ","	","	SCF CHARLOTTE NC 280"
"	281","	N","	CHARLOTTE NC 281","	","	CHARLOTTE NC 281 ","	","	SCF CHARLOTTE NC 280"
"	282","	N","	CHARLOTTE NC 282","	","	CHARLOTTE NC 282 ","	","	SCF CHARLOTTE NC 280"
"	283","	N","	FAYETTEVILLE NC 283","	","	FAYETTEVILLE NC 283 ","	","	SCF FAYETTEVILLE NC 283"
"	284","	N","	FAYETTEVILLE NC 284","	","	FAYETTEVILLE NC 284 ","	","	SCF FAYETTEVILLE NC 283"
"	285","	N","	FAYETTEVILLE NC 285","	","	FAYETTEVILLE NC 285 ","	","	SCF FAYETTEVILLE NC 283"
"	286","	N","	GREENSBORO NC 286","	","	GREENSBORO NC 286 ","	","	SCF GREENSBORO NC 270"
"	287","	N","	GREENVILLE SC 287","	","	GREENVILLE SC 287 ","	","	SCF GREENVILLE SC 296"
"	288","	N","	GREENVILLE SC 288","	","	GREENVILLE SC 288 ","	","	SCF GREENVILLE SC 296"
"	289","	N","	GREENVILLE SC 289","	","	GREENVILLE SC 289 ","	","	SCF GREENVILLE SC 296"
"	290","	N","	COLUMBIA SC 290","	","	COLUMBIA SC 290 ","	","	SCF COLUMBIA SC 290"
"	291","	N","	COLUMBIA SC 291","	","	COLUMBIA SC 291 ","	","	SCF COLUMBIA SC 290"
"	292","	N","	COLUMBIA SC 292","	","	COLUMBIA SC 292 ","	","	SCF COLUMBIA SC 290"
"	293","	N","	GREENVILLE SC 293","	","	GREENVILLE SC 293 ","	","	SCF GREENVILLE SC 296"
"	294","	N","	CHARLESTON SC 294","	","	CHARLESTON SC 294 ","	","	SCF CHARLESTON SC 294"
"	295","	N","	COLUMBIA SC 295","	","	COLUMBIA SC 295 ","	","	SCF COLUMBIA SC 290"
"	296","	N","	GREENVILLE SC 296","	","	GREENVILLE SC 296 ","	","	SCF GREENVILLE SC 296"
"	297","	N","	CHARLOTTE NC 297","	","	CHARLOTTE NC 297 ","	","	SCF CHARLOTTE NC 280"
"	298","	","	AUGUSTA GA 298","	","	AUGUSTA GA 298 ","	","	SCF AUGUSTA GA 308"
"	299","	N","	CHARLESTON SC 299","	","	CHARLESTON SC 299 ","	","	SCF CHARLESTON SC 294"
"	300","	N","	NORTH METRO GA 300","	","	NORTH METRO GA 300 ","	","	SCF NORTH METRO GA 300"
"	301","	N","	ATLANTA GA 301","	","	ATLANTA GA 301 ","	","	SCF ATLANTA GA 303"
"	302","	N","	ATLANTA GA 302","	","	ATLANTA GA 302 ","	","	SCF ATLANTA GA 303"
"	303","	N","	ATLANTA GA 303","	","	ATLANTA GA 303 ","	","	SCF ATLANTA GA 303"
"	304","	","	MACON GA 304","	","	MACON GA 304 ","	","	SCF MACON GA 310"
"	305","	N","	NORTH METRO  GA 305","	","	NORTH METRO  GA 305 ","	","	SCF NORTH METRO GA 300"
"	306","	N","	NORTH METRO  GA 306","	","	NORTH METRO  GA 306 ","	","	SCF NORTH METRO GA 300"
"	307","	N","	CHATTANOOGA TN 307","	","	CHATTANOOGA TN 307 ","	","	SCF CHATTANOOGA TN 373"
"	308","	","	AUGUSTA GA 308","	","	AUGUSTA GA 308 ","	","	SCF AUGUSTA GA 308"
"	309","	","	AUGUSTA GA 309","	U","	AUGUSTA GA 309 ","	","	SCF AUGUSTA GA 308"
"	310","	","	MACON GA 310","	","	MACON GA 310 ","	","	SCF MACON GA 310"
"	311","	N","	ATLANTA GA 311","	","	ATLANTA GA 311 ","	","	SCF ATLANTA GA 303"
"	312","	","	MACON GA 312","	U","	MACON GA 312 ","	","	SCF MACON GA 310"
"	313","	","	JACKSONVILLE FL 313","	","	JACKSONVILLE FL 313 ","	","	SCF JACKSONVILLE FL 320"
"	314","	","	JACKSONVILLE FL 314","	","	JACKSONVILLE FL 314 ","	","	SCF JACKSONVILLE FL 320"
"	315","	","	JACKSONVILLE FL 315","	","	JACKSONVILLE FL 315 ","	","	SCF JACKSONVILLE FL 320"
"	316","	","	TALLAHASSEE FL 316","	","	TALLAHASSEE FL 316 ","	","	SCF TALLAHASSEE FL 323"
"	317","	","	TALLAHASSEE FL 317","	","	TALLAHASSEE FL 317 ","	S","	SCF TALLAHASSEE FL 323"
"	318","	","	MACON GA 318","	","	MACON GA 318 ","	S","	SCF MACON GA 310"
"	319","	","	MACON GA 319","	U","	MACON GA 318 ","	S","	SCF MACON GA 310"
"	320","	N","	JACKSONVILLE FL 320","	","	JACKSONVILLE FL 320 ","	","	SCF JACKSONVILLE FL 320"
"	321","	","	ORLANDO FL 321","	","	ORLANDO FL 321 ","	","	SCF ORLANDO FL 328"
"	322","	N","	JACKSONVILLE FL 322","	U","	JACKSONVILLE FL 322 ","	","	SCF JACKSONVILLE FL 320"
"	323","	","	TALLAHASSEE FL 323","	","	TALLAHASSEE FL 323 ","	","	SCF TALLAHASSEE FL 323"
"	324","	","	PENSACOLA FL 324","	","	PENSACOLA FL 324 ","	","	SCF PENSACOLA FL 325"
"	325","	","	PENSACOLA FL 325","	","	PENSACOLA FL 325 ","	","	SCF PENSACOLA FL 325"
"	326","	N","	JACKSONVILLE FL 326","	","	JACKSONVILLE FL 326 ","	","	SCF JACKSONVILLE FL 320"
"	327","	","	ORLANDO FL 327","	","	ORLANDO FL 327 ","	","	SCF ORLANDO FL 328"
"	328","	","	ORLANDO FL 328","	U","	ORLANDO FL 328 ","	","	SCF ORLANDO FL 328"
"	329","	","	ORLANDO FL 329","	","	ORLANDO FL 329 ","	","	SCF ORLANDO FL 328"
"	330","	","	MIAMI FL 330","	","	MIAMI FL 330 ","	","	SCF MIAMI FL 331"
"	331","	N","	MIAMI FL 331","	U","	MIAMI FL 331 ","	","	SCF MIAMI FL 331"
"	332","	N","	MIAMI FL 332","	U","	MIAMI FL 332 ","	","	SCF MIAMI FL 331"
"	333","	","	MIAMI FL 333","	","	MIAMI FL 333 ","	","	SCF MIAMI FL 331"
"	334","	N","	WEST PALM BCH FL 334","	","	WEST PALM BCH FL 334 ","	S","	SCF WEST PALM BCH FL 334"
"	335","	N","	TAMPA FL 335","	","	TAMPA FL 335 ","	S","	SCF TAMPA FL 335"
"	336","	","	TAMPA FL 336","	U","	TAMPA FL 336 ","	","	SCF TAMPA FL 335"
"	337","	","	MANASOTA FL 337","	","	MANASOTA FL 337 ","	","	SCF MANASOTA FL 342"
"	338","	","	MANASOTA FL 338","	","	MANASOTA FL 338 ","	","	SCF MANASOTA FL 342"
"	339","	N","	FT MYERS FL 339","	","	FT MYERS FL 339 ","	S","	SCF FT MYERS FL 339"
"	340","	","	APO/FPO AA 340","	","	APO/FPO AA 340 ","	","	"
"	341","	N","	FT MYERS FL 341","	","	FT MYERS FL 339 ","	S","	SCF FT MYERS FL 339"
"	342","	","	MANASOTA FL 342","	","	MANASOTA FL 342 ","	","	SCF MANASOTA FL 342"
"	344","	N","	JACKSONVILLE  FL 344","	","	JACKSONVILLE FL 344 ","	","	SCF JACKSONVILLE FL 320"
"	346","	N","	TAMPA FL 346","	","	TAMPA FL 335 ","	S","	SCF TAMPA FL 335"
"	347","	","	ORLANDO FL 347","	","	ORLANDO FL 347 ","	","	SCF ORLANDO FL 328"
"	349","	N","	WEST PALM BCH FL 349","	","	WEST PALM BCH FL 334 ","	S","	SCF WEST PALM BCH FL 334"
"	350","	","	BIRMINGHAM AL 350","	","	BIRMINGHAM AL 350 ","	","	SCF BIRMINGHAM AL 350"
"	351","	","	BIRMINGHAM AL 351","	","	BIRMINGHAM AL 351 ","	","	SCF BIRMINGHAM AL 350"
"	352","	","	BIRMINGHAM AL 352","	U","	BIRMINGHAM AL 352 ","	","	SCF BIRMINGHAM AL 350"
"	354","	","	BIRMINGHAM AL 354","	","	BIRMINGHAM AL 354 ","	","	SCF BIRMINGHAM AL 350"
"	355","	","	BIRMINGHAM AL 355","	","	BIRMINGHAM AL 355 ","	","	SCF BIRMINGHAM AL 350"
"	356","	","	BIRMINGHAM AL 356","	","	BIRMINGHAM AL 356 ","	","	SCF BIRMINGHAM AL 350"
"	357","	","	BIRMINGHAM AL 357","	","	BIRMINGHAM AL 357 ","	","	SCF BIRMINGHAM AL 350"
"	358","	","	BIRMINGHAM AL 358","	","	BIRMINGHAM AL 358 ","	","	SCF BIRMINGHAM AL 350"
"	359","	","	BIRMINGHAM AL 359","	","	BIRMINGHAM AL 359 ","	","	SCF BIRMINGHAM AL 350"
"	360","	","	MONTGOMERY AL 360","	","	MONTGOMERY AL 360 ","	","	SCF MONTGOMERY AL 360"
"	361","	","	MONTGOMERY AL 361","	U","	MONTGOMERY AL 361 ","	","	SCF MONTGOMERY AL 360"
"	362","	","	BIRMINGHAM AL 362","	","	BIRMINGHAM AL 362 ","	","	SCF BIRMINGHAM AL 350"
"	363","	","	MONTGOMERY AL 363","	","	MONTGOMERY AL 363 ","	","	SCF MONTGOMERY AL 360"
"	364","	","	MONTGOMERY AL 364","	","	MONTGOMERY AL 364 ","	","	SCF MONTGOMERY AL 360"
"	365","	","	MOBILE AL 365","	","	MOBILE AL 365 ","	","	SCF MOBILE AL 365"
"	366","	","	MOBILE AL 366","	U","	MOBILE AL 366 ","	","	SCF MOBILE AL 365"
"	367","	","	MONTGOMERY AL 367","	","	MONTGOMERY AL 367 ","	","	SCF MONTGOMERY AL 360"
"	368","	","	MONTGOMERY AL 368","	","	MONTGOMERY AL 368 ","	","	SCF MONTGOMERY AL 360"
"	369","	","	JACKSON  MS 369","	","	JACKSON MS 393 ","	S","	SCF JACKSON MS 390"
"	370","	","	NASHVILLE TN 370","	","	NASHVILLE TN 370 ","	","	SCF NASHVILLE TN 370"
"	371","	","	NASHVILLE TN 371","	","	NASHVILLE TN 371 ","	","	SCF NASHVILLE TN 370"
"	372","	","	NASHVILLE TN 372","	U","	NASHVILLE TN 372 ","	","	SCF NASHVILLE TN 370"
"	373","	N","	CHATTANOOGA TN 373","	","	CHATTANOOGA TN 373 ","	","	SCF CHATTANOOGA TN 373"
"	374","	N","	CHATTANOOGA TN 374","	U","	CHATTANOOGA TN 374 ","	","	SCF CHATTANOOGA TN 373"
"	375","	","	MEMPHIS TN 375","	","	MEMPHIS TN 375 ","	","	SCF MEMPHIS TN 380"
"	376","	","	KNOXVILLE TN 376","	","	KNOXVILLE TN 376 ","	S","	SCF KNOXVILLE TN 377"
"	377","	N","	KNOXVILLE TN 377","	","	KNOXVILLE TN 377 ","	S","	SCF KNOXVILLE TN 377"
"	378","	N","	KNOXVILLE TN 378","	","	KNOXVILLE TN 377 ","	S","	SCF KNOXVILLE TN 377"
"	379","	N","	KNOXVILLE TN 379","	","	KNOXVILLE TN 377 ","	S","	SCF KNOXVILLE TN 377"
"	380","	","	MEMPHIS TN 380","	","	MEMPHIS TN 380 ","	","	SCF MEMPHIS TN 380"
"	381","	","	MEMPHIS TN 381","	U","	MEMPHIS TN 381 ","	","	SCF MEMPHIS TN 380"
"	382","	","	MEMPHIS TN 382","	","	MEMPHIS TN 382 ","	","	SCF MEMPHIS TN 380"
"	383","	","	MEMPHIS TN 383","	","	MEMPHIS TN 383 ","	","	SCF MEMPHIS TN 380"
"	384","	","	NASHVILLE TN 384","	","	NASHVILLE TN 384 ","	","	SCF NASHVILLE TN 370"
"	385","	","	NASHVILLE TN 385","	","	NASHVILLE TN 385 ","	","	SCF NASHVILLE TN 370"
"	386","	","	MEMPHIS TN 386","	","	MEMPHIS TN 386 ","	","	SCF MEMPHIS TN 380"
"	387","	","	JACKSON  MS 387","	","	JACKSON MS 387 ","	","	SCF JACKSON MS 390"
"	388","	","	MEMPHIS TN 388","	","	MEMPHIS TN 388 ","	","	SCF MEMPHIS TN 380"
"	389","	","	JACKSON MS 389","	","	JACKSON MS 389 ","	","	SCF JACKSON MS 390"
"	390","	","	JACKSON MS 390","	","	JACKSON MS 390 ","	S","	SCF JACKSON MS 390"
"	391","	","	JACKSON MS 391","	","	JACKSON MS 390 ","	S","	SCF JACKSON MS 390"
"	392","	","	JACKSON MS 392","	U","	JACKSON MS 392 ","	","	SCF JACKSON MS 390"
"	393","	","	JACKSON  MS 393","	","	JACKSON MS 393 ","	S","	SCF JACKSON MS 390"
"	394","	","	HATTIESBURG MS 394","	","	HATTIESBURG MS 394 ","	","	SCF MOBILE AL 365"
"	395","	","	GULFPORT MS 395","	","	GULFPORT MS 395 ","	","	GULFPORT MS 395"
"	396","	","	JACKSON MS 396","	","	JACKSON MS 396 ","	","	SCF JACKSON MS 390"
"	397","	","	JACKSON MS 397","	","	JACKSON MS 397 ","	","	SCF JACKSON MS 390"
"	398","	","	TALLAHASSEE FL 398","	","	TALLAHASSEE FL 317 ","	S","	SCF TALLAHASSEE FL 323"
"	399","	N","	ATLANTA GA 399","	","	ATLANTA GA 399 ","	","	SCF ATLANTA GA 303"
"	400","	N","	LOUISVILLE KY 400","	","	LOUISVILLE KY 400 ","	S","	SCF LOUISVILLE KY 400"
"	401","	N","	LOUISVILLE KY 401","	","	LOUISVILLE KY 400 ","	S","	SCF LOUISVILLE KY 400"
"	402","	","	LOUISVILLE KY 402","	U","	LOUISVILLE KY 402 ","	","	SCF LOUISVILLE KY 400"
"	403","	","	LEXINGTON KY 403","	","	LEXINGTON KY 403 ","	","	SCF LEXINGTON KY 403"
"	404","	","	LEXINGTON KY 404","	","	LEXINGTON KY 404 ","	","	SCF LEXINGTON KY 403"
"	405","	","	LEXINGTON KY 405","	U","	LEXINGTON KY 405 ","	","	SCF LEXINGTON KY 403"
"	406","	","	FRANKFORT KY 406","	U","	FRANKFORT KY 406 ","	","	SCF LEXINGTON KY 403"
"	407","	","	KNOXVILLE TN 407","	","	KNOXVILLE TN 407 ","	S","	SCF KNOXVILLE TN 377"
"	408","	","	KNOXVILLE TN 408","	","	KNOXVILLE TN 407 ","	S","	SCF KNOXVILLE TN 377"
"	409","	","	KNOXVILLE TN 409","	","	KNOXVILLE TN 407 ","	S","	SCF KNOXVILLE TN 377"
"	410","	","	CINCINNATI OH 410","	","	CINCINNATI OH 410 ","	","	SCF CINCINNATI OH 450"
"	411","	","	CHARLESTON WV 411","	","	CHARLESTON WV 411 ","	","	SCF CHARLESTON WV 250"
"	412","	","	CHARLESTON WV 412","	","	CHARLESTON WV 412 ","	","	SCF CHARLESTON WV 250"
"	413","	","	LEXINGTON KY 413","	","	LEXINGTON KY 413 ","	","	SCF LEXINGTON KY 403"
"	414","	","	LEXINGTON KY 414","	","	LEXINGTON KY 414 ","	","	SCF LEXINGTON KY 403"
"	415","	","	CHARLESTON WV 415","	","	CHARLESTON WV 415 ","	","	SCF CHARLESTON WV 250"
"	416","	","	CHARLESTON WV 416","	","	CHARLESTON WV 416 ","	","	SCF CHARLESTON WV 250"
"	417","	","	KNOXVILLE TN 417","	","	KNOXVILLE TN 407 ","	S","	SCF KNOXVILLE TN 377"
"	418","	","	KNOXVILLE TN 418","	","	KNOXVILLE TN 407 ","	S","	SCF KNOXVILLE TN 377"
"	420","	","	EVANSVILLE IN 420","	","	EVANSVILLE IN 420 ","	","	SCF EVANSVILLE IN 476"
"	421","	","	NASHVILLE TN 421","	","	NASHVILLE TN 421 ","	","	SCF NASHVILLE TN 370"
"	422","	","	NASHVILLE TN 422","	","	NASHVILLE TN 422 ","	","	SCF NASHVILLE TN 370"
"	423","	","	EVANSVILLE  IN 423","	","	EVANSVILLE IN 423 ","	","	SCF EVANSVILLE IN 476"
"	424","	","	EVANSVILLE IN 424","	","	EVANSVILLE IN 424 ","	","	SCF EVANSVILLE IN 476"
"	425","	","	KNOXVILLE TN 425","	","	KNOXVILLE TN 407 ","	S","	SCF KNOXVILLE TN 377"
"	426","	","	KNOXVILLE TN 426","	","	KNOXVILLE TN 407 ","	S","	SCF KNOXVILLE TN 377"
"	427","	","	LOUISVILLE KY 427","	","	LOUISVILLE KY 427 ","	","	SCF LOUISVILLE KY 400"
"	430","	","	COLUMBUS OH 430","	","	COLUMBUS OH 430 ","	","	SCF COLUMBUS OH 430"
"	431","	","	COLUMBUS OH 431","	","	COLUMBUS OH 431 ","	","	SCF COLUMBUS OH 430"
"	432","	","	COLUMBUS OH 432","	U","	COLUMBUS OH 432 ","	","	SCF COLUMBUS OH 430"
"	433","	","	COLUMBUS OH 433","	","	COLUMBUS OH 433 ","	","	SCF COLUMBUS OH 430"
"	434","	N","	TOLEDO OH 434","	","	TOLEDO OH 434 ","	S","	SCF DETROIT MI 481"
"	435","	N","	TOLEDO OH 435","	","	TOLEDO OH 434 ","	S","	SCF DETROIT MI 481"
"	436","	","	TOLEDO OH 436","	","	TOLEDO OH 434 ","	S","	SCF DETROIT MI 481"
"	437","	","	COLUMBUS OH 437","	","	COLUMBUS OH 437 ","	","	SCF COLUMBUS OH 430"
"	438","	","	COLUMBUS OH 438","	","	COLUMBUS OH 438 ","	","	SCF COLUMBUS OH 430"
"	439","	","	PITTSBURGH PA 439","	","	PITTSBURGH PA 439 ","	","	SCF PITTSBURGH PA 150"
"	440","	","	CLEVELAND OH 440","	","	CLEVELAND OH 440 ","	","	SCF CLEVELAND OH 440"
"	441","	","	CLEVELAND OH 441","	U","	CLEVELAND OH 441 ","	","	SCF CLEVELAND OH 440"
"	442","	N","	AKRON OH 442","	","	AKRON OH 442 ","	S","	SCF AKRON OH 442"
"	443","	N","	AKRON OH 443","	","	AKRON OH 442 ","	S","	SCF AKRON OH 442"
"	444","	","	CLEVELAND  OH 444","	","	CLEVELAND OH 444 ","	","	SCF CLEVELAND OH 440"
"	445","	","	CLEVELAND OH 445","	","	CLEVELAND OH 445 ","	","	SCF CLEVELAND OH 440"
"	446","	","	AKRON OH 446","	","	AKRON OH 442 ","	S","	SCF AKRON OH 442"
"	447","	","	AKRON OH 447","	","	AKRON OH 442 ","	S","	SCF AKRON OH 442"
"	448","	","	CLEVELAND OH 448","	","	CLEVELAND OH 448 ","	","	SCF CLEVELAND OH 440"
"	449","	","	CLEVELAND OH 449","	U","	CLEVELAND OH 449 ","	","	SCF CLEVELAND OH 440"
"	450","	","	CINCINNATI OH 450","	","	CINCINNATI OH 450 ","	","	SCF CINCINNATI OH 450"
"	451","	","	CINCINNATI OH 451","	","	CINCINNATI OH 451 ","	","	SCF CINCINNATI OH 450"
"	452","	","	CINCINNATI OH 452","	U","	CINCINNATI OH 452 ","	","	SCF CINCINNATI OH 450"
"	453","	","	DAYTON OH 453","	","	DAYTON OH 453 ","	","	SCF DAYTON OH 453"
"	454","	","	DAYTON OH 454","	U","	DAYTON OH 454 ","	","	SCF DAYTON OH 453"
"	455","	","	SPRINGFIELD OH 455","	U","	SPRINGFIELD OH 455 ","	","	SCF DAYTON OH 453"
"	456","	","	COLUMBUS  OH 456","	","	COLUMBUS OH 456 ","	","	SCF COLUMBUS OH 430"
"	457","	","	COLUMBUS  OH 457","	","	COLUMBUS  OH 457 ","	","	SCF COLUMBUS OH 430"
"	458","	","	COLUMBUS OH 458","	","	COLUMBUS OH 458 ","	","	SCF COLUMBUS OH 430"
"	459","	","	CINCINNATI OH 459","	","	CINCINNATI OH 459 ","	","	SCF CINCINNATI OH 450"
"	460","	N","	INDIANAPOLIS IN 460","	","	INDIANAPOLIS IN 460 ","	","	SCF INDIANAPOLIS IN 460"
"	461","	N","	INDIANAPOLIS IN 461","	","	INDIANAPOLIS IN 461 ","	","	SCF INDIANAPOLIS IN 460"
"	462","	","	INDIANAPOLIS IN 462","	U","	INDIANAPOLIS IN 462 ","	","	SCF INDIANAPOLIS IN 460"
"	463","	","	GARY IN 463","	","	GARY IN 463 ","	S","	SCF GARY IN 463"
"	464","	","	GARY IN 464","	U","	GARY IN 463 ","	S","	SCF GARY IN 463"
"	465","	","	SOUTH BEND IN 465","	","	SOUTH BEND IN 465 ","	S","	SCF SOUTH BEND IN 465"
"	466","	","	SOUTH BEND IN 466","	U","	SOUTH BEND IN 465 ","	S","	SCF SOUTH BEND IN 465"
"	467","	","	FORT WAYNE IN 467","	","	FORT WAYNE IN 467 ","	","	SCF FORT WAYNE IN 467"
"	468","	","	FORT WAYNE IN 468","	U","	FORT WAYNE IN 468 ","	","	SCF FORT WAYNE IN 467"
"	469","	","	INDIANAPOLIS IN 469","	","	INDIANAPOLIS IN 469 ","	","	SCF INDIANAPOLIS IN 460"
"	470","	","	CINCINNATI OH 470","	","	CINCINNATI OH 470 ","	","	SCF CINCINNATI OH 450"
"	471","	N","	LOUISVILLE KY 471","	","	LOUISVILLE KY 400 ","	S","	SCF LOUISVILLE KY 400"
"	472","	","	INDIANAPOLIS IN 472","	","	INDIANAPOLIS IN 472 ","	","	SCF INDIANAPOLIS IN 460"
"	473","	","	MUNCIE IN 473","	","	MUNCIE IN 473 ","	","	MUNCIE IN 473"
"	474","	","	INDIANAPOLIS IN 474","	","	INDIANAPOLIS IN 474 ","	","	SCF INDIANAPOLIS IN 460"
"	475","	","	EVANSVILLE IN 475","	","	EVANSVILLE IN 475 ","	","	SCF EVANSVILLE IN 476"
"	476","	","	EVANSVILLE IN 476","	","	EVANSVILLE IN 476 ","	","	SCF EVANSVILLE IN 476"
"	477","	","	EVANSVILLE IN 477","	U","	EVANSVILLE IN 477 ","	","	SCF EVANSVILLE IN 476"
"	478","	","	INDIANAPOLIS IN 478","	","	INDIANAPOLIS IN 478 ","	","	SCF INDIANAPOLIS IN 460"
"	479","	","	INDIANAPOLIS IN 479","	","	INDIANAPOLIS IN 479 ","	","	SCF INDIANAPOLIS IN 460"
"	480","	","	METROPLEX  MI 480","	","	METROPLEX  MI 480 ","	","	SCF METROPLEX MI 480"
"	481","	","	DETROIT MI 481","	","	DETROIT MI 481 ","	","	SCF DETROIT MI 481"
"	482","	","	DETROIT MI 482","	U","	DETROIT MI 482 ","	","	SCF DETROIT MI 481"
"	483","	","	METROPLEX  MI 483","	","	METROPLEX MI 483 ","	","	SCF METROPLEX MI 480"
"	484","	","	METROPLEX MI 484","	","	METROPLEX MI 484 ","	","	SCF METROPLEX MI 480"
"	485","	","	METROPLEX MI 485","	","	METROPLEX MI 485 ","	","	SCF METROPLEX MI 480"
"	486","	","	METROPLEX MI 486","	","	METROPLEX MI 486 ","	","	SCF METROPLEX MI 480"
"	487","	","	METROPLEX MI 487","	","	METROPLEX MI 487 ","	","	SCF METROPLEX MI 480"
"	488","	","	LANSING MI 488","	","	LANSING MI 488 ","	","	SCF LANSING MI 488"
"	489","	","	LANSING MI 489","	U","	LANSING MI 489 ","	","	SCF LANSING MI 488"
"	490","	","	GRAND RAPIDS MI 490","	","	GRAND RAPIDS MI 490 ","	","	SCF GRAND RAPIDS MI 493"
"	491","	","	GRAND RAPIDS MI 491","	","	GRAND RAPIDS MI 491 ","	","	SCF GRAND RAPIDS MI 493"
"	492","	","	DETROIT MI 492","	","	DETROIT MI 492 ","	","	SCF DETROIT MI 481"
"	493","	","	GRAND RAPIDS MI 493","	","	GRAND RAPIDS MI 493 ","	","	SCF GRAND RAPIDS MI 493"
"	494","	","	GRAND RAPIDS MI 494","	","	GRAND RAPIDS MI 494 ","	","	SCF GRAND RAPIDS MI 493"
"	495","	","	GRAND RAPIDS MI 495","	U","	GRAND RAPIDS MI 495 ","	","	SCF GRAND RAPIDS MI 493"
"	496","	","	TRAVERSE CITY MI 496","	","	TRAVERSE CITY MI 496 ","	","	SCF TRAVERSE CITY MI 496"
"	497","	","	TRAVERSE CITY MI 497","	","	TRAVERSE CITY MI 497 ","	","	SCF TRAVERSE CITY MI 496"
"	498","	","	IRON MOUNTAIN MI 498","	","	IRON MOUNTAIN MI 498 ","	S","	SCF IRON MOUNTAIN MI 498"
"	499","	","	IRON MOUNTAIN MI 499","	","	IRON MOUNTAIN MI 498 ","	S","	SCF IRON MOUNTAIN MI 498"
"	500","	","	DES MOINES IA 500","	","	DES MOINES IA 500 ","	S","	SCF DES MOINES IA 500"
"	501","	","	DES MOINES IA 501","	","	DES MOINES IA 500 ","	S","	SCF DES MOINES IA 500"
"	502","	","	DES MOINES IA 502","	","	DES MOINES IA 500 ","	S","	SCF DES MOINES IA 500"
"	503","	","	DES MOINES IA 503","	U","	DES MOINES IA 503 ","	S","	SCF DES MOINES IA 500"
"	504","	","	WATERLOO IA 504","	","	WATERLOO IA 504 ","	S","	SCF WATERLOO IA 506"
"	505","	","	DES MOINES IA 505","	","	DES MOINES IA 505 ","	","	SCF DES MOINES IA 500"
"	506","	","	WATERLOO IA 506","	","	WATERLOO IA 506 ","	","	SCF WATERLOO IA 506"
"	507","	","	WATERLOO IA 507","	U","	WATERLOO IA 507 ","	","	SCF WATERLOO IA 506"
"	508","	","	DES MOINES IA 508","	","	DES MOINES  IA 508 ","	","	SCF DES MOINES IA 500"
"	509","	","	DES MOINES IA 509","	","	DES MOINES IA 503 ","	S","	SCF DES MOINES IA 500"
"	510","	","	SIOUX FALLS SD 510","	","	SIOUX FALLS SD 510 ","	","	SCF SIOUX FALLS SD 570"
"	511","	","	SIOUX FALLS SD 511","	","	SIOUX FALLS SD 511 ","	","	SCF SIOUX FALLS SD 570"
"	512","	","	SIOUX FALLS SD 512","	","	SIOUX FALLS SD 512 ","	","	SCF SIOUX FALLS SD 570"
"	513","	","	SIOUX FALLS SD 513","	","	SIOUX FALLS SD 513 ","	","	SCF SIOUX FALLS SD 570"
"	514","	","	DES MOINES IA 514","	","	DES MOINES IA 514 ","	","	SCF DES MOINES IA 500"
"	515","	","	OMAHA NE 515","	","	OMAHA NE 515 ","	","	SCF OMAHA NE 680"
"	516","	","	OMAHA NE 516","	","	OMAHA NE 516 ","	","	SCF OMAHA NE 680"
"	520","	","	CEDAR RAPIDS IA 520","	","	CEDAR RAPIDS IA 520 ","	","	SCF CEDAR RAPIDS IA 522"
"	521","	","	WATERLOO IA 521","	","	WATERLOO IA 504 ","	S","	SCF WATERLOO IA 506"
"	522","	","	CEDAR RAPIDS IA 522","	","	CEDAR RAPIDS IA 522 ","	S","	SCF CEDAR RAPIDS IA 522"
"	523","	","	CEDAR RAPIDS IA 523","	","	CEDAR RAPIDS IA 522 ","	S","	SCF CEDAR RAPIDS IA 522"
"	524","	","	CEDAR RAPIDS IA 524","	U","	CEDAR RAPIDS IA 524 ","	","	SCF CEDAR RAPIDS IA 522"
"	525","	","	DES MOINES IA 525","	","	DES MOINES IA 525 ","	","	SCF DES MOINES IA 500"
"	526","	","	QUAD CITIES IL 526","	","	QUAD CITIES IL 526 ","	","	SCF QUAD CITIES IL 612"
"	527","	","	QUAD CITIES IL 527","	","	QUAD CITIES IL 612 ","	S","	SCF QUAD CITIES IL 612"
"	528","	","	DAVENPORT IA 528","	U","	QUAD CITIES IL 612 ","	S","	SCF QUAD CITIES IL 612"
"	530","	N","	MILWAUKEE WI 530","	","	MILWAUKEE WI 530 ","	","	SCF MILWAUKEE WI 530"
"	531","	N","	MILWAUKEE WI 531","	","	MILWAUKEE WI 531 ","	","	SCF MILWAUKEE WI 530"
"	532","	","	MILWAUKEE WI 532","	U","	MILWAUKEE WI 532 ","	","	SCF MILWAUKEE WI 530"
"	534","	N","	RACINE WI 534","	U","	RACINE WI 534 ","	","	SCF MILWAUKEE WI 530"
"	535","	","	MADISON WI 535","	","	MADISON WI 535 ","	S","	SCF MADISON WI 535"
"	537","	","	MADISON WI 537","	U","	MADISON WI 537 ","	","	SCF MADISON WI 535"
"	538","	","	MADISON WI 538","	","	MADISON WI 535 ","	S","	SCF MADISON WI 535"
"	539","	","	MADISON WI 539","	","	MADISON WI 539 ","	","	SCF MADISON WI 535"
"	540","	","	ST PAUL MN 540","	","	ST PAUL MN 550 ","	S","	SCF ST PAUL MN 550"
"	541","	N","	GREEN BAY WI 541","	","	GREEN BAY WI 541 ","	S","	SCF GREEN BAY WI 541"
"	542","	N","	GREEN BAY WI 542","	","	GREEN BAY WI 541 ","	S","	SCF GREEN BAY WI 541"
"	543","	","	GREEN BAY WI 543","	U","	GREEN BAY WI 543 ","	","	SCF GREEN BAY WI 541"
"	544","	","	GREEN BAY WI 544","	","	GREEN BAY WI 544 ","	","	SCF GREEN BAY WI 541"
"	545","	","	GREEN BAY WI 545","	","	GREEN BAY WI 545 ","	","	SCF GREEN BAY WI 541"
"	546","	","	ST PAUL MN 546","	","	ST PAUL MN 546 ","	","	SCF ST PAUL MN 550"
"	547","	","	EAU CLAIRE WI 547","	","	EAU CLAIRE WI 547 ","	","	SCF EAU CLAIRE WI 547"
"	548","	","	EAU CLAIRE WI 548","	","	EAU CLAIRE WI 548 ","	","	SCF EAU CLAIRE WI 547"
"	549","	","	MILWAUKEE WI 549","	","	MILWAUKEE WI 549 ","	","	SCF MILWAUKEE WI 530"
"	550","	","	ST PAUL  MN 550","	","	ST PAUL MN 550 ","	S","	SCF ST PAUL MN 550"
"	551","	","	ST PAUL MN 551","	U","	ST PAUL MN 551 ","	","	SCF ST PAUL MN 550"
"	553","	N","	MINNEAPOLIS MN 553","	","	MINNEAPOLIS MN 553 ","	","	SCF MINNEAPOLIS MN 553"
"	554","	N","	MINNEAPOLIS MN 554","	U","	MINNEAPOLIS MN 554 ","	","	SCF MINNEAPOLIS MN 553"
"	555","	","	MINNEAPOLIS MN 555","	","	MINNEAPOLIS MN 555 ","	","	SCF MINNEAPOLIS MN 553"
"	556","	","	ST PAUL MN 556","	","	ST PAUL MN 556 ","	","	SCF ST PAUL MN 550"
"	557","	","	ST PAUL MN 557","	","	ST PAUL MN 557 ","	","	SCF ST PAUL MN 550"
"	558","	","	ST PAUL MN 558","	","	ST PAUL MN 558 ","	","	SCF ST PAUL MN 550"
"	559","	","	ST PAUL MN 559","	","	ST PAUL MN 559 ","	","	SCF ST PAUL MN 550"
"	560","	","	MANKATO MN 560","	","	MANKATO MN 560 ","	","	SCF MANKATO MN 560"
"	561","	","	MANKATO MN 561","	","	MANKATO MN 561 ","	","	SCF MANKATO MN 560"
"	562","	","	ST CLOUD MN 562","	","	ST CLOUD MN 562 ","	","	SCF ST CLOUD MN 563"
"	563","	","	ST CLOUD MN 563","	","	ST CLOUD MN 563 ","	","	SCF ST CLOUD MN 563"
"	564","	","	ST CLOUD MN 564","	","	ST CLOUD MN 564 ","	","	SCF ST CLOUD MN 563"
"	565","	","	FARGO ND 565","	","	FARGO ND 565 ","	","	SCF FARGO ND 580"
"	566","	","	BEMIDJI MN 566","	","	BEMIDJI MN 566 ","	","	BEMIDJI MN 566"
"	567","	","	GRAND FORKS ND 567","	","	GRAND FORKS ND 567 ","	","	SCF GRAND FORKS ND 582"
"	570","	","	SIOUX FALLS SD 570","	","	SIOUX FALLS SD 570 ","	","	SCF SIOUX FALLS SD 570"
"	571","	","	SIOUX FALLS SD 571","	U","	SIOUX FALLS SD 571 ","	","	SCF SIOUX FALLS SD 570"
"	572","	","	DAKOTA CENTRAL SD 572","	","	DAKOTA CENTRAL SD 572 ","	","	SCF DAKOTA CENTRAL SD 572"
"	573","	","	DAKOTA CENTRAL SD 573","	","	DAKOTA CENTRAL SD 573 ","	","	SCF DAKOTA CENTRAL SD 572"
"	574","	","	DAKOTA CENTRAL SD 574","	","	DAKOTA CENTRAL SD 574 ","	","	SCF DAKOTA CENTRAL SD 572"
"	575","	","	DAKOTA CENTRAL SD 575","	","	DAKOTA CENTRAL SD 575 ","	","	SCF DAKOTA CENTRAL SD 572"
"	576","	","	BISMARCK ND 576","	","	BISMARCK ND 585 ","	S","	SCF BISMARCK ND 585"
"	577","	","	RAPID CITY SD 577","	","	RAPID CITY SD 577 ","	","	RAPID CITY SD 577"
"	580","	","	FARGO ND 580","	","	FARGO ND 580 ","	","	SCF FARGO ND 580"
"	581","	","	FARGO ND 581","	U","	FARGO ND 581 ","	","	SCF FARGO ND 580"
"	582","	","	GRAND FORKS ND 582","	","	GRAND FORKS ND 582 ","	","	SCF GRAND FORKS ND 582"
"	583","	","	GRAND FORKS ND 583","	","	GRAND FORKS ND 583 ","	","	SCF GRAND FORKS ND 582"
"	584","	","	FARGO ND 584","	","	FARGO ND 584 ","	","	SCF FARGO ND 580"
"	585","	","	BISMARCK ND 585","	","	BISMARCK ND 585 ","	S","	SCF BISMARCK ND 585"
"	586","	","	BISMARCK ND 586","	","	BISMARCK ND 585 ","	S","	SCF BISMARCK ND 585"
"	587","	","	BISMARCK ND 587","	","	BISMARCK ND 587 ","	","	SCF BISMARCK ND 585"
"	588","	","	BISMARCK ND 588","	","	BISMARCK ND 588 ","	","	SCF BISMARCK ND 585"
"	590","	","	BILLINGS MT 590","	","	BILLINGS MT 590 ","	S","	SCF BILLINGS MT 590"
"	591","	","	BILLINGS MT 591","	U","	BILLINGS MT 590 ","	S","	SCF BILLINGS MT 590"
"	592","	","	BILLINGS MT 592","	","	BILLINGS MT 592 ","	","	SCF BILLINGS MT 590"
"	593","	","	BILLINGS MT 593","	","	BILLINGS MT 593 ","	","	SCF BILLINGS MT 590"
"	594","	","	GREAT FALLS MT 594","	","	GREAT FALLS MT 594 ","	","	SCF GREAT FALLS MT 594"
"	595","	","	GREAT FALLS MT 595","	","	GREAT FALLS MT 595 ","	","	SCF GREAT FALLS MT 594"
"	596","	","	GREAT FALLS MT 596","	","	GREAT FALLS MT 596 ","	","	SCF GREAT FALLS MT 594"
"	597","	","	BILLINGS MT 597","	","	BILLINGS MT 597 ","	","	SCF BILLINGS MT 590"
"	598","	","	MISSOULA MT 598","	","	MISSOULA MT 598 ","	","	SCF MISSOULA MT 598"
"	599","	","	MISSOULA MT 599","	","	MISSOULA MT 599 ","	","	SCF MISSOULA MT 598"
"	600","	","	PALATINE IL 600","	","	PALATINE IL 600 ","	S","	SCF PALATINE IL 600"
"	601","	","	CAROL STREAM IL 601","	","	CAROL STREAM IL 601 ","	S","	SCF CAROL STREAM IL 601"
"	602","	","	EVANSTON IL 602","	U","	PALATINE IL 600 ","	S","	SCF PALATINE IL 600"
"	603","	","	OAK PARK IL 603","	U","	CAROL STREAM IL 601 ","	S","	SCF CAROL STREAM IL 601"
"	604","	","	S SUBURBAN IL 604","	","	S SUBURBAN IL 604 ","	","	S SUBURBAN IL 604"
"	605","	","	FOX VALLEY IL 605","	","	FOX VALLEY IL 605 ","	","	FOX VALLEY IL 605"
"	606","	N","	CHICAGO IL 606","	U","	CHICAGO IL 606 ","	","	SCF CHICAGO IL 606"
"	607","	","	CHICAGO IL 607","	","	CHICAGO IL 607 ","	","	SCF CHICAGO IL 606"
"	608","	N","	CHICAGO IL 608","	","	CHICAGO IL 608 ","	","	SCF CHICAGO IL 606"
"	609","	","	CHAMPAIGN IL 609","	","	CHAMPAIGN IL 609 ","	","	SCF CHAMPAIGN IL 618"
"	610","	","	PALATINE IL 610","	","	PALATINE IL 610 ","	","	SCF PALATINE IL 600"
"	611","	","	PALATINE IL 611","	","	PALATINE IL 611 ","	","	SCF PALATINE IL 600"
"	612","	","	QUAD CITIES IL 612","	","	QUAD CITIES IL 612 ","	S","	SCF QUAD CITIES IL 612"
"	613","	","	PEORIA IL 613","	","	PEORIA IL 613 ","	","	SCF PEORIA IL 615"
"	614","	","	PEORIA IL 614","	","	PEORIA IL 614 ","	","	SCF PEORIA IL 615"
"	615","	N","	PEORIA IL 615","	","	PEORIA IL 615 ","	S","	SCF PEORIA IL 615"
"	616","	N","	PEORIA IL 616","	U","	PEORIA IL 615 ","	S","	SCF PEORIA IL 615"
"	617","	","	CHAMPAIGN IL 617","	","	CHAMPAIGN IL 617 ","	","	SCF CHAMPAIGN IL 618"
"	618","	","	CHAMPAIGN IL 618","	","	CHAMPAIGN IL 618 ","	S","	SCF CHAMPAIGN IL 618"
"	619","	","	CHAMPAIGN IL 619","	","	CHAMPAIGN IL 618 ","	S","	SCF CHAMPAIGN IL 618"
"	620","	","	ST LOUIS MO 620","	","	ST LOUIS MO 630 ","	S","	SCF ST LOUIS MO 630"
"	622","	","	ST LOUIS MO 622","	","	ST LOUIS MO 630 ","	S","	SCF ST LOUIS MO 630"
"	623","	","	SPRINGFIELD IL 623","	","	SPRINGFIELD IL 623 ","	","	SCF SPRINGFIELD IL 625"
"	624","	","	CHAMPAIGN IL 624","	","	CHAMPAIGN IL 624 ","	","	SCF CHAMPAIGN IL 618"
"	625","	","	SPRINGFIELD IL 625","	","	SPRINGFIELD IL 625 ","	","	SCF SPRINGFIELD IL 625"
"	626","	","	SPRINGFIELD IL 626","	","	SPRINGFIELD IL 626 ","	","	SCF SPRINGFIELD IL 625"
"	627","	","	SPRINGFIELD IL 627","	U","	SPRINGFIELD IL 627 ","	","	SCF SPRINGFIELD IL 625"
"	628","	","	ST LOUIS MO 628","	","	ST LOUIS MO 628 ","	","	SCF ST LOUIS MO 630"
"	629","	","	ST LOUIS MO 629","	","	ST LOUIS MO 629 ","	","	SCF ST LOUIS MO 630"
"	630","	","	ST LOUIS MO 630","	","	ST LOUIS MO 630 ","	S","	SCF ST LOUIS MO 630"
"	631","	","	ST LOUIS MO 631","	U","	ST LOUIS MO 631 ","	","	SCF ST LOUIS MO 630"
"	633","	","	ST LOUIS MO 633","	","	ST LOUIS MO 630 ","	S","	SCF ST LOUIS MO 630"
"	634","	","	ST LOUIS MO 634","	","	ST LOUIS MO 634 ","	","	SCF ST LOUIS MO 630"
"	635","	","	MID-MISSOURI MO 635","	","	MID-MISSOURI MO 635 ","	","	SCF MID-MISSOURI MO 650"
"	636","	","	ST LOUIS MO 636","	","	ST LOUIS MO 636 ","	","	SCF ST LOUIS MO 630"
"	637","	","	ST LOUIS MO 637","	","	ST LOUIS MO 637 ","	","	SCF ST LOUIS MO 630"
"	638","	","	ST LOUIS MO 638","	","	ST LOUIS MO 638 ","	","	SCF ST LOUIS MO 630"
"	639","	","	ST LOUIS MO 639","	","	ST LOUIS MO 639 ","	","	SCF ST LOUIS MO 630"
"	640","	","	KANSAS CITY MO 640","	","	KANSAS CITY MO 640 ","	","	SCF KANSAS CITY MO 640"
"	641","	","	KANSAS CITY MO 641","	U","	KANSAS CITY MO 641 ","	","	SCF KANSAS CITY MO 640"
"	644","	","	KANSAS CITY MO 644","	","	KANSAS CITY MO 644 ","	","	SCF KANSAS CITY MO 640"
"	645","	","	KANSAS CITY MO 645","	","	KANSAS CITY MO 645 ","	","	SCF KANSAS CITY MO 640"
"	646","	","	KANSAS CITY MO 646","	","	KANSAS CITY MO 646 ","	","	SCF KANSAS CITY MO 640"
"	647","	","	KANSAS CITY MO 647","	","	KANSAS CITY MO 647 ","	","	SCF KANSAS CITY MO 640"
"	648","	","	SPRINGFIELD MO 648","	","	SPRINGFIELD MO 648 ","	","	SCF SPRINGFIELD MO 656"
"	649","	","	KANSAS CITY MO 649","	","	KANSAS CITY MO 649 ","	","	SCF KANSAS CITY MO 640"
"	650","	","	MID-MISSOURI MO 650","	","	MID-MISSOURI MO 650 ","	","	SCF MID-MISSOURI MO 650"
"	651","	","	MID-MISSOURI MO 651","	","	MID-MISSOURI MO 651 ","	","	SCF MID-MISSOURI MO 650"
"	652","	","	MID-MISSOURI MO 652","	","	MID-MISSOURI MO 652 ","	","	SCF MID-MISSOURI MO 650"
"	653","	","	MID-MISSOURI MO 653","	","	MID-MISSOURI MO 653 ","	","	SCF MID-MISSOURI MO 650"
"	654","	","	SPRINGFIELD MO 654","	","	SPRINGFIELD MO 654 ","	","	SCF SPRINGFIELD MO 656"
"	655","	","	SPRINGFIELD MO 655","	","	SPRINGFIELD MO 655 ","	","	SCF SPRINGFIELD MO 656"
"	656","	","	SPRINGFIELD MO 656","	","	SPRINGFIELD MO 656 ","	","	SCF SPRINGFIELD MO 656"
"	657","	","	SPRINGFIELD MO 657","	","	SPRINGFIELD MO 657 ","	","	SCF SPRINGFIELD MO 656"
"	658","	","	SPRINGFIELD MO 658","	U","	SPRINGFIELD MO 658 ","	","	SCF SPRINGFIELD MO 656"
"	660","	","	KANSAS CITY MO 660","	","	KANSAS CITY MO 660 ","	","	SCF KANSAS CITY MO 640"
"	661","	","	KANSAS CITY MO 661","	U","	KANSAS CITY MO 661 ","	","	SCF KANSAS CITY MO 640"
"	662","	","	SHAWNEE MISSION  KS 662","	","	KANSAS CITY MO 662 ","	","	SCF KANSAS CITY MO 640"
"	664","	","	KANSAS CITY  MO 664","	","	KANSAS CITY MO 664 ","	","	SCF KANSAS CITY MO 640"
"	665","	","	KANSAS CITY MO 665","	","	KANSAS CITY MO 665 ","	","	SCF KANSAS CITY MO 640"
"	666","	","	KANSAS CITY MO 666","	","	KANSAS CITY MO 666 ","	","	SCF KANSAS CITY MO 640"
"	667","	","	KANSAS CITY MO 667","	","	KANSAS CITY MO 667 ","	","	SCF KANSAS CITY MO 640"
"	668","	","	KANSAS CITY MO 668","	","	KANSAS CITY  MO 668 ","	","	SCF KANSAS CITY MO 640"
"	669","	","	SALINA KS 669","	","	SALINA KS 674 ","	S","	SCF WICHITA KS 670"
"	670","	N","	WICHITA KS 670","	","	WICHITA KS 670 ","	S","	SCF WICHITA KS 670"
"	671","	N","	WICHITA KS 671","	","	WICHITA KS 670 ","	S","	SCF WICHITA KS 670"
"	672","	","	WICHITA KS 672","	U","	WICHITA KS 672 ","	","	SCF WICHITA KS 670"
"	673","	","	WICHITA KS 673","	","	WICHITA KS 673 ","	","	SCF WICHITA KS 670"
"	674","	","	SALINA KS 674","	","	SALINA KS 674 ","	S","	SCF WICHITA KS 670"
"	675","	","	WICHITA  KS 675","	","	WICHITA KS 675 ","	","	SCF WICHITA KS 670"
"	676","	","	WICHITA KS 676","	","	WICHITA KS 676 ","	","	SCF WICHITA KS 670"
"	677","	","	NORTH PLATTE  NE 677","	","	NORTH PLATTE  NE 677 ","	","	SCF NORTH PLATTE NE 691"
"	678","	","	WICHITA KS 678","	","	WICHITA KS 678 ","	","	SCF WICHITA KS 670"
"	679","	","	AMARILLO TX 679","	","	AMARILLO TX 679 ","	","	SCF AMARILLO TX 790"
"	680","	","	OMAHA NE 680","	","	OMAHA NE 680 ","	","	SCF OMAHA NE 680"
"	681","	","	OMAHA NE 681","	U","	OMAHA NE 681 ","	","	SCF OMAHA NE 680"
"	683","	","	OMAHA NE 683","	","	OMAHA NE 683 ","	","	SCF OMAHA NE 680"
"	684","	","	OMAHA NE 684","	","	OMAHA NE 684 ","	","	SCF OMAHA NE 680"
"	685","	","	OMAHA NE 685","	","	OMAHA NE 685 ","	","	SCF OMAHA NE 680"
"	686","	","	OMAHA NE 686","	","	OMAHA NE 686 ","	","	SCF OMAHA NE 680"
"	687","	","	OMAHA NE 687","	","	OMAHA NE 687 ","	","	SCF OMAHA NE 680"
"	688","	","	OMAHA NE 688","	","	OMAHA NE 688 ","	","	SCF OMAHA NE 680"
"	689","	","	OMAHA NE 689","	","	OMAHA NE 689 ","	","	SCF OMAHA NE 680"
"	690","	","	NORTH PLATTE NE 690","	","	NORTH PLATTE NE 690 ","	","	SCF NORTH PLATTE NE 691"
"	691","	","	NORTH PLATTE NE 691","	","	NORTH PLATTE NE 691 ","	","	SCF NORTH PLATTE NE 691"
"	692","	","	NORTH PLATTE NE 692","	","	NORTH PLATTE NE 692 ","	","	SCF NORTH PLATTE NE 691"
"	693","	","	NORTH PLATTE  NE 693","	","	NORTH PLATTE NE 693 ","	","	SCF NORTH PLATTE NE 691"
"	700","	","	NEW ORLEANS LA 700","	","	NEW ORLEANS LA 700 ","	","	SCF NEW ORLEANS LA 700"
"	701","	","	NEW ORLEANS LA 701","	U","	NEW ORLEANS LA 701 ","	","	SCF NEW ORLEANS LA 700"
"	703","	","	NEW ORLEANS LA 703","	","	NEW ORLEANS LA 703 ","	","	SCF NEW ORLEANS LA 700"
"	704","	","	NEW ORLEANS LA 704","	","	NEW ORLEANS LA 704 ","	","	SCF NEW ORLEANS LA 700"
"	705","	","	LAFAYETTE LA 705","	","	LAFAYETTE LA 705 ","	","	SCF LAFAYETTE LA 705"
"	706","	","	LAFAYETTE LA 706","	","	LAFAYETTE LA 706 ","	","	SCF LAFAYETTE LA 705"
"	707","	","	BATON ROUGE LA 707","	","	BATON ROUGE LA 707 ","	","	SCF BATON ROUGE LA 707"
"	708","	","	BATON ROUGE LA 708","	U","	BATON ROUGE LA 708 ","	","	SCF BATON ROUGE LA 707"
"	710","	","	SHREVEPORT LA 710","	","	SHREVEPORT LA 710 ","	","	SCF SHREVEPORT LA 710"
"	711","	","	SHREVEPORT LA 711","	","	SHREVEPORT LA 711 ","	","	SCF SHREVEPORT LA 710"
"	712","	","	SHREVEPORT LA 712","	","	SHREVEPORT LA 712 ","	","	SCF SHREVEPORT LA 710"
"	713","	","	SHREVEPORT LA 713","	","	SHREVEPORT LA 713 ","	","	SCF SHREVEPORT LA 710"
"	714","	","	SHREVEPORT LA 714","	","	SHREVEPORT LA 714 ","	","	SCF SHREVEPORT LA 710"
"	716","	","	LITTLE ROCK AR 716","	","	LITTLE ROCK AR 716 ","	","	SCF LITTLE ROCK AR 720"
"	717","	","	LITTLE ROCK AR 717","	","	LITTLE ROCK AR 717 ","	","	SCF LITTLE ROCK AR 720"
"	718","	","	SHREVEPORT LA 718","	","	SHREVEPORT LA 718 ","	","	SCF SHREVEPORT LA 710"
"	719","	","	LITTLE ROCK AR 719","	","	LITTLE ROCK AR 719 ","	","	SCF LITTLE ROCK AR 720"
"	720","	N","	LITTLE ROCK AR 720","	","	LITTLE ROCK AR 720 ","	","	SCF LITTLE ROCK AR 720"
"	721","	N","	LITTLE ROCK AR 721","	","	LITTLE ROCK AR 721 ","	","	SCF LITTLE ROCK AR 720"
"	722","	","	LITTLE ROCK AR 722","	U","	LITTLE ROCK AR 722 ","	","	SCF LITTLE ROCK AR 720"
"	723","	","	MEMPHIS TN 723","	","	MEMPHIS TN 723 ","	","	SCF MEMPHIS TN 380"
"	724","	","	MEMPHIS TN 724","	","	MEMPHIS TN 724 ","	","	SCF MEMPHIS TN 380"
"	725","	","	LITTLE ROCK AR 725","	","	LITTLE ROCK AR 725 ","	","	SCF LITTLE ROCK AR 720"
"	726","	","	NW ARKANSAS AR 726","	","	NW ARKANSAS AR 726 ","	","	SCF NW ARKANSAS AR 727"
"	727","	","	NW ARKANSAS AR 727","	","	NW ARKANSAS AR 727 ","	","	SCF NW ARKANSAS AR 727"
"	728","	","	LITTLE ROCK AR 728","	","	LITTLE ROCK AR 728 ","	","	SCF LITTLE ROCK AR 720"
"	729","	","	NW ARKANSAS AR 729","	","	NW ARKANSAS AR 729 ","	","	SCF NW ARKANSAS AR 727"
"	730","	","	OKLAHOMA CITY OK 730","	","	OKLAHOMA CITY OK 730 ","	","	SCF OKLAHOMA CITY OK 730"
"	731","	","	OKLAHOMA CITY OK 731","	U","	OKLAHOMA CITY OK 731 ","	","	SCF OKLAHOMA CITY OK 730"
"	733","	","	AUSTIN TX 733","	","	AUSTIN TX 733 ","	","	SCF AUSTIN TX 786"
"	734","	","	OKLAHOMA CITY OK 734","	","	OKLAHOMA CITY OK 734 ","	","	SCF OKLAHOMA CITY OK 730"
"	735","	","	OKLAHOMA CITY OK 735","	","	OKLAHOMA CITY OK 735 ","	","	SCF OKLAHOMA CITY OK 730"
"	736","	","	OKLAHOMA CITY OK 736","	","	OKLAHOMA CITY OK 736 ","	","	SCF OKLAHOMA CITY OK 730"
"	737","	","	OKLAHOMA CITY OK 737","	","	OKLAHOMA CITY OK 737 ","	","	SCF OKLAHOMA CITY OK 730"
"	738","	","	OKLAHOMA CITY OK 738","	","	OKLAHOMA CITY OK 738 ","	","	SCF OKLAHOMA CITY OK 730"
"	739","	","	AMARILLO TX 739","	","	AMARILLO TX 739 ","	","	SCF AMARILLO TX 790"
"	740","	","	TULSA OK 740","	","	TULSA OK 740 ","	","	SCF TULSA OK 740"
"	741","	","	TULSA OK 741","	U","	TULSA OK 741 ","	","	SCF TULSA OK 740"
"	743","	","	TULSA OK 743","	","	TULSA OK 743 ","	","	SCF TULSA OK 740"
"	744","	","	TULSA OK 744","	","	TULSA OK 744 ","	","	SCF TULSA OK 740"
"	745","	","	TULSA OK 745","	","	TULSA OK 745 ","	","	SCF TULSA OK 740"
"	746","	","	TULSA OK 746","	","	TULSA OK 746 ","	","	SCF TULSA OK 740"
"	747","	","	TULSA OK 747","	","	TULSA OK 747 ","	","	SCF TULSA OK 740"
"	748","	","	OKLAHOMA CITY OK 748","	","	OKLAHOMA CITY OK 748 ","	","	SCF OKLAHOMA CITY OK 730"
"	749","	","	TULSA OK 749","	","	TULSA OK 749 ","	","	SCF TULSA OK 740"
"	750","	","	NORTH TEXAS TX 750","	","	NORTH TEXAS TX 750 ","	","	SCF NORTH TEXAS TX 750"
"	751","	","	DALLAS TX 751","	","	DALLAS TX 751 ","	","	SCF DALLAS TX 752"
"	752","	","	DALLAS TX 752","	U","	DALLAS TX 752 ","	S","	SCF DALLAS TX 752"
"	753","	","	DALLAS TX 753","	U","	DALLAS TX 752 ","	S","	SCF DALLAS TX 752"
"	754","	","	NORTH TEXAS TX 754","	","	NORTH TEXAS TX 754 ","	","	SCF NORTH TEXAS TX 750"
"	755","	","	SHREVEPORT LA 755","	","	SHREVEPORT LA 755 ","	","	SCF SHREVEPORT LA 710"
"	756","	","	SHREVEPORT LA 756","	","	SHREVEPORT LA 756 ","	","	SCF SHREVEPORT LA 710"
"	757","	","	NORTH TEXAS TX 757","	","	NORTH TEXAS TX 757 ","	","	SCF NORTH TEXAS TX 750"
"	758","	","	NORTH TEXAS TX 758","	","	NORTH TEXAS TX 758 ","	","	SCF NORTH TEXAS TX 750"
"	759","	","	NORTH HOUSTON  TX 759","	","	NORTH HOUSTON  TX 759 ","	","	SCF SHREVEPORT LA 710"
"	760","	","	FT WORTH TX 760","	","	FT WORTH TX 760 ","	","	SCF FT WORTH TX 760"
"	761","	","	FT WORTH TX 761","	U","	FT WORTH TX 761 ","	","	SCF FT WORTH TX 760"
"	762","	","	FT WORTH TX 762","	","	FT WORTH TX 762 ","	","	SCF FT WORTH TX 760"
"	763","	","	FT WORTH  TX 763","	","	FT WORTH TX 763 ","	","	SCF FT WORTH TX 760"
"	764","	","	FT WORTH TX 764","	","	FT WORTH TX 764 ","	","	SCF FT WORTH TX 760"
"	765","	","	AUSTIN TX 765","	","	AUSTIN TX 765 ","	","	SCF AUSTIN TX 786"
"	766","	","	FT WORTH TX 766","	","	FT WORTH TX 766 ","	","	SCF FT WORTH TX 760"
"	767","	","	FT WORTH TX 767","	","	FT WORTH TX 767 ","	","	SCF FT WORTH TX 760"
"	768","	","	ABILENE TX 768","	","	ABILENE TX 768 ","	","	SCF ABILENE TX 795"
"	769","	","	ABILENE TX 769","	","	ABILENE TX 769 ","	","	SCF ABILENE TX 795"
"	770","	","	NORTH HOUSTON TX 770","	","	NORTH HOUSTON TX 770 ","	","	SCF NORTH HOUSTON TX 773"
"	772","	","	NORTH HOUSTON TX 772","	","	NORTH HOUSTON TX 772 ","	","	SCF NORTH HOUSTON TX 773"
"	773","	","	NORTH HOUSTON TX 773","	","	NORTH HOUSTON TX 773 ","	","	SCF NORTH HOUSTON TX 773"
"	774","	","	NORTH HOUSTON TX 774","	","	NORTH HOUSTON TX 774 ","	","	SCF NORTH HOUSTON TX 773"
"	775","	","	NORTH HOUSTON TX 775","	","	NORTH HOUSTON TX 775 ","	","	SCF NORTH HOUSTON TX 773"
"	776","	","	NORTH HOUSTON TX 776","	","	NORTH HOUSTON TX 776 ","	","	SCF NORTH HOUSTON TX 773"
"	777","	","	NORTH HOUSTON TX 777","	","	NORTH HOUSTON TX 777 ","	","	SCF NORTH HOUSTON TX 773"
"	778","	","	NORTH HOUSTON  TX 778","	","	NORTH HOUSTON  TX 778 ","	","	SCF NORTH HOUSTON TX 773"
"	779","	","	CORPUS CHRISTI TX 779","	","	CORPUS CHRISTI TX 779 ","	","	SCF CORPUS CHRISTI TX 783"
"	780","	","	SAN ANTONIO TX 780","	","	SAN ANTONIO TX 780 ","	","	SCF SAN ANTONIO TX 780"
"	781","	","	SAN ANTONIO TX 781","	","	SAN ANTONIO TX 781 ","	","	SCF SAN ANTONIO TX 780"
"	782","	","	SAN ANTONIO TX 782","	U","	SAN ANTONIO TX 782 ","	","	SCF SAN ANTONIO TX 780"
"	783","	","	CORPUS CHRISTI TX 783","	","	CORPUS CHRISTI TX 783 ","	","	SCF CORPUS CHRISTI TX 783"
"	784","	","	CORPUS CHRISTI TX 784","	U","	CORPUS CHRISTI TX 784 ","	","	SCF CORPUS CHRISTI TX 783"
"	785","	","	MCALLEN TX 785","	","	MCALLEN TX 785 ","	","	MCALLEN TX 785"
"	786","	N","	AUSTIN TX 786","	","	AUSTIN TX 786 ","	S","	SCF AUSTIN TX 786"
"	787","	","	AUSTIN TX 787","	U","	AUSTIN TX 787 ","	","	SCF AUSTIN TX 786"
"	788","	","	SAN ANTONIO TX 788","	","	SAN ANTONIO TX 788 ","	","	SCF SAN ANTONIO TX 780"
"	789","	N","	AUSTIN TX 789","	","	AUSTIN TX 786 ","	S","	SCF AUSTIN TX 786"
"	790","	","	AMARILLO TX 790","	","	AMARILLO TX 790 ","	","	SCF AMARILLO TX 790"
"	791","	","	AMARILLO TX 791","	U","	AMARILLO TX 791 ","	","	SCF AMARILLO TX 790"
"	792","	","	AMARILLO TX 792","	","	AMARILLO TX 792 ","	","	SCF AMARILLO TX 790"
"	793","	","	LUBBOCK TX 793","	","	LUBBOCK TX 793 ","	","	SCF LUBBOCK TX 793"
"	794","	","	LUBBOCK TX 794","	U","	LUBBOCK TX 794 ","	","	SCF LUBBOCK TX 793"
"	795","	","	ABILENE TX 795","	","	ABILENE TX 795 ","	","	SCF ABILENE TX 795"
"	796","	","	ABILENE TX 796","	U","	ABILENE TX 796 ","	","	SCF ABILENE TX 795"
"	797","	","	MIDLAND TX 797","	","	MIDLAND TX 797 ","	","	MIDLAND TX 797"
"	798","	","	EL PASO TX 798","	","	EL PASO TX 798 ","	","	SCF EL PASO TX 798"
"	799","	","	EL PASO TX 799","	U","	EL PASO TX 799 ","	","	SCF EL PASO TX 798"
"	800","	","	DENVER CO 800","	","	DENVER CO 800 ","	","	SCF DENVER CO 800"
"	801","	","	DENVER CO 801","	","	DENVER CO 801 ","	","	SCF DENVER CO 800"
"	802","	","	DENVER CO 802","	U","	DENVER CO 802 ","	","	SCF DENVER CO 800"
"	803","	","	BOULDER CO 803","	U","	BOULDER CO 803 ","	","	SCF DENVER CO 800"
"	804","	","	DENVER CO 804","	","	DENVER CO 804 ","	","	SCF DENVER CO 800"
"	805","	","	LONGMONT CO 805","	","	LONGMONT CO 805 ","	","	SCF DENVER CO 800"
"	806","	","	DENVER CO 806","	","	DENVER CO 806 ","	","	SCF DENVER CO 800"
"	807","	","	DENVER CO 807","	","	DENVER CO 807 ","	","	SCF DENVER CO 800"
"	808","	","	COLORADO SPGS CO 808","	","	COLORADO SPGS CO 808 ","	S","	SCF DENVER CO 808"
"	809","	","	COLORADO SPGS CO 809","	","	COLORADO SPGS CO 808 ","	S","	SCF DENVER CO 808"
"	810","	","	COLORADO SPGS CO 810","	","	COLORADO SPGS CO 810 ","	","	SCF DENVER CO 808"
"	811","	","	DENVER CO 811","	","	DEVNER CO 811 ","	","	SCF DENVER CO 800"
"	812","	","	DENVER CO 812","	","	DENVER CO 812 ","	","	SCF DENVER CO 800"
"	813","	","	ALBUQUERQUE NM 813","	","	ALBUQUERQUE NM 813 ","	","	SCF ALBUQUERQUE NM 870"
"	814","	","	GRAND JUNCTION CO 814","	","	GRAND JUNCTION CO 814 ","	","	SCF GRAND JUNCTION CO 814"
"	815","	","	GRAND JUNCTION CO 815","	","	GRAND JUNCTION CO 815 ","	","	SCF GRAND JUNCTION CO 814"
"	816","	","	GRAND JUNCTION CO 816","	","	GRAND JUNCTION CO 816 ","	","	SCF GRAND JUNCTION CO 814"
"	820","	","	CHEYENNE WY 820","	","	CHEYENNE WY 820 ","	","	SCF CHEYENNE WY 820"
"	821","	","	YELLOWSTONE NL PK WY 821","	U","	YELLOWSTONE NL PK WY 821 ","	","	SCF BILLINGS MT 590"
"	822","	","	CHEYENNE WY 822","	","	CHEYENNE WY 822 ","	","	SCF CHEYENNE WY 820"
"	823","	","	CHEYENNE WY 823","	","	CHEYENNE WY 823 ","	","	SCF CHEYENNE WY 820"
"	824","	","	CASPER WY 824","	","	CASPER WY 824 ","	","	SCF CASPER WY 826"
"	825","	","	CASPER WY 825","	","	CASPER WY 825 ","	","	SCF CASPER WY 826"
"	826","	","	CASPER WY 826","	","	CASPER WY 826 ","	","	SCF CASPER WY 826"
"	827","	","	CASPER WY 827","	","	CASPER WY 827 ","	","	SCF CASPER WY 826"
"	828","	","	CASPER WY 828","	","	CASPER WY 828 ","	","	SCF CASPER WY 826"
"	829","	","	SALT LAKE CITY UT 829","	","	SALT LAKE CITY UT 829 ","	","	SCF SALT LAKE CITY UT 840"
"	830","	","	SALT LAKE CITY UT 830","	","	SALT LAKE CITY UT 830 ","	","	SCF SALT LAKE CITY UT 840"
"	831","	","	SALT LAKE CITY UT 831","	","	SALT LAKE CITY UT 831 ","	","	SCF SALT LAKE CITY UT 840"
"	832","	","	SALT LAKE CITY UT 832","	","	SALT LAKE CITY UT 832 ","	","	SCF SALT LAKE CITY UT 840"
"	833","	","	BOISE ID 833","	","	BOISE  ID 833 ","	","	SCF BOISE ID 836"
"	834","	","	SALT LAKE CITY UT 834","	","	SALT LAKE CITY UT 834 ","	","	SCF SALT LAKE CITY UT 840"
"	835","	","	SPOKANE WA 835","	","	SPOKANE WA 835 ","	","	SCF SPOKANE WA 990"
"	836","	","	BOISE ID 836","	","	BOISE ID 836 ","	","	SCF BOISE ID 836"
"	837","	","	BOISE ID 837","	U","	BOISE ID 837 ","	","	SCF BOISE ID 836"
"	838","	","	SPOKANE WA 838","	","	SPOKANE WA 838 ","	","	SCF SPOKANE WA 990"
"	840","	","	SALT LAKE CITY UT 840","	","	SALT LAKE CITY UT 840 ","	S","	SCF SALT LAKE CITY UT 840"
"	841","	","	SALT LAKE CITY UT 841","	","	SALT LAKE CITY UT 840 ","	S","	SCF SALT LAKE CITY UT 840"
"	842","	","	SALT LAKE CITY UT 842","	","	SALT LAKE CITY UT 840 ","	S","	SCF SALT LAKE CITY UT 840"
"	843","	","	SALT LAKE CITY UT 843","	","	SALT LAKE CITY UT 840 ","	S","	SCF SALT LAKE CITY UT 840"
"	844","	","	SALT LAKE CITY UT 844","	","	SALT LAKE CITY UT 840 ","	S","	SCF SALT LAKE CITY UT 840"
"	845","	","	PROVO UT 845","	","	PROVO UT 845 ","	","	SCF PROVO UT 846"
"	846","	","	PROVO UT 846","	","	PROVO UT 846 ","	","	SCF PROVO UT 846"
"	847","	","	PROVO UT 847","	","	PROVO UT 847 ","	","	SCF PROVO UT 846"
"	850","	N","	PHOENIX AZ 850","	U","	PHOENIX AZ 850 ","	","	SCF PHOENIX AZ 852"
"	851","	","	PHOENIX AZ 851","	","	PHOENIX AZ 851 ","	","	SCF PHOENIX AZ 852"
"	852","	N","	PHOENIX AZ 852","	","	PHOENIX AZ 852 ","	","	SCF PHOENIX AZ 852"
"	853","	N","	PHOENIX AZ 853","	","	PHOENIX AZ 853 ","	","	SCF PHOENIX AZ 852"
"	855","	","	PHOENIX AZ 855","	","	PHOENIX AZ 855 ","	","	SCF PHOENIX AZ 852"
"	856","	","	TUCSON AZ 856","	","	TUCSON AZ 856 ","	","	SCF TUCSON AZ 856"
"	857","	","	TUCSON AZ 857","	U","	TUCSON AZ 857 ","	","	SCF TUCSON AZ 856"
"	859","	","	PHOENIX AZ 859","	","	PHOENIX AZ 859 ","	","	SCF PHOENIX AZ 852"
"	860","	","	PHOENIX  AZ 860","	","	PHOENIX AZ 860 ","	","	SCF PHOENIX AZ 852"
"	863","	","	PHOENIX AZ 863","	","	PHOENIX AZ 863 ","	","	SCF PHOENIX AZ 852"
"	864","	","	LAS VEGAS NV 864","	","	LAS VEGAS NV 864 ","	","	SCF LAS VEGAS NV 890"
"	865","	","	ALBUQUERQUE NM 865","	","	ALBUQUERQUE NM 865 ","	","	SCF ALBUQUERQUE NM 870"
"	870","	","	ALBUQUERQUE NM 870","	","	ALBUQUERQUE NM 870 ","	","	SCF ALBUQUERQUE NM 870"
"	871","	","	ALBUQUERQUE NM 871","	U","	ALBUQUERQUE NM 871 ","	","	SCF ALBUQUERQUE NM 870"
"	873","	","	ALBUQUERQUE NM 873","	","	ALBUQUERQUE NM 873 ","	","	SCF ALBUQUERQUE NM 870"
"	874","	","	ALBUQUERQUE NM 874","	","	ALBUQUERQUE NM 874 ","	","	SCF ALBUQUERQUE NM 870"
"	875","	","	ALBUQUERQUE NM 875","	","	ALBUQUERQUE NM 875 ","	","	SCF ALBUQUERQUE NM 870"
"	876","	","	ALBUQUERQUE NM 876","	","	ALBUQUERQUE NM 876 ","	","	SCF ALBUQUERQUE NM 870"
"	877","	","	ALBUQUERQUE NM 877","	","	ALBUQUERQUE NM 877 ","	","	SCF ALBUQUERQUE NM 870"
"	878","	","	ALBUQUERQUE  NM 878","	","	ALBUQUERQUE  NM 878 ","	","	SCF ALBUQUERQUE NM 870"
"	879","	","	ALBUQUERQUE NM 879","	","	ALBUQUERQUE NM 879 ","	","	SCF ALBUQUERQUE NM 870"
"	880","	","	EL PASO  TX 880","	","	EL PASO  TX 880 ","	","	SCF EL PASO TX 798"
"	881","	","	LUBBOCK TX 881","	","	LUBBOCK TX 881 ","	","	SCF LUBBOCK TX 793"
"	882","	","	LUBBOCK TX 882","	","	LUBBOCK TX 882 ","	","	SCF LUBBOCK TX 793"
"	883","	","	EL PASO TX 883","	","	EL PASO TX 883 ","	","	SCF EL PASO TX 798"
"	884","	","	ALBUQUERQUE NM 884","	","	ALBUQUERQUE NM 884 ","	","	SCF ALBUQUERQUE NM 870"
"	885","	","	EL PASO TX 885","	U","	EL PASO TX 885 ","	","	SCF EL PASO TX 798"
"	889","	","	LAS VEGAS NV 889","	U","	LAS VEGAS NV 890 ","	S","	SCF LAS VEGAS NV 890"
"	890","	","	LAS VEGAS NV 890","	","	LAS VEGAS NV 890 ","	S","	SCF LAS VEGAS NV 890"
"	891","	","	LAS VEGAS NV 891","	U","	LAS VEGAS NV 890 ","	S","	SCF LAS VEGAS NV 890"
"	893","	","	LAS VEGAS NV 893","	","	LAS VEGAS NV 893 ","	","	SCF LAS VEGAS NV 890"
"	894","	N","	RENO NV 894","	","	RENO NV 894 ","	S","	SCF RENO NV 894"
"	895","	N","	RENO NV 895","	U","	RENO NV 894 ","	S","	SCF RENO NV 894"
"	897","	","	CARSON CITY NV 897","	U","	RENO NV 894 ","	S","	SCF RENO NV 894"
"	898","	","	SALT LAKE CITY UT 898","	","	SALT LAKE CITY UT 898 ","	","	SCF SALT LAKE CITY UT 840"
"	900","	N","	LOS ANGELES CA 900","	","	LOS ANGELES CA 900 ","	","	SCF LOS ANGELES CA 900"
"	901","	N","	LOS ANGELES CA 901","	","	LOS ANGELES CA 901 ","	","	SCF LOS ANGELES CA 900"
"	902","	N","	LOS ANGELES CA 902","	","	LOS ANGELES CA 902 ","	","	SCF LOS ANGELES CA 900"
"	903","	N","	LOS ANGELES CA 903","	","	LOS ANGELES CA 903 ","	","	SCF LOS ANGELES CA 900"
"	904","	N","	LOS ANGELES CA 904","	","	LOS ANGELES CA 904 ","	","	SCF LOS ANGELES CA 900"
"	905","	N","	LOS ANGELES CA 905","	","	LOS ANGELES CA 905 ","	","	SCF LOS ANGELES CA 900"
"	906","	N","	INDUSTRY CA 906","	","	INDUSTRY CA 906 ","	","	SCF INDUSTRY CA 917"
"	907","	N","	LOS ANGELES CA 907","	","	LOS ANGELES CA 907 ","	","	SCF LOS ANGELES CA 900"
"	908","	N","	LOS ANGELES CA 908","	","	LOS ANGELES CA 908 ","	","	SCF LOS ANGELES CA 900"
"	910","	N","	PASADENA CA 910","	","	SANTA CLARITA CA 910 ","	","	SCF SANTA CLARITA CA 913"
"	911","	N","	SANTA CLARITA CA 911","	","	SANTA CLARITA CA 911 ","	","	SCF SANTA CLARITA CA 913"
"	912","	N","	SANTA CLARITA CA 912","	","	SANTA CLARITA CA 912 ","	","	SCF SANTA CLARITA CA 913"
"	913","	N","	SANTA CLARITA CA 913","	","	SANTA CLARITA CA 913 ","	","	SCF SANTA CLARITA CA 913"
"	914","	N","	SANTA CLARITA CA 914","	","	SANTA CLARITA CA 914 ","	","	SCF SANTA CLARITA CA 913"
"	915","	N","	SANTA CLARITA CA 915","	","	SANTA CLARITA CA 915 ","	","	SCF SANTA CLARITA CA 913"
"	916","	N","	SANTA CLARITA CA 916","	","	SANTA CLARITA CA 916 ","	","	SCF SANTA CLARITA CA 913"
"	917","	N","	INDUSTRY CA 917","	","	INDUSTRY CA 917 ","	","	SCF INDUSTRY CA 917"
"	918","	N","	INDUSTRY CA 918","	","	INDUSTRY CA 918 ","	","	SCF INDUSTRY CA 917"
"	919","	N","	SAN DIEGO CA 919","	","	SAN DIEGO CA 919 ","	","	SCF SAN DIEGO CA 920"
"	920","	N","	SAN DIEGO CA 920","	","	SAN DIEGO CA 920 ","	","	SCF SAN DIEGO CA 920"
"	921","	N","	SAN DIEGO CA 921","	","	SAN DIEGO CA 921 ","	","	SCF SAN DIEGO CA 920"
"	922","	N","	SN BERNARDINO CA 922","	","	SN BERNARDINO CA 922 ","	","	SCF SN BERNARDINO CA 923"
"	923","	N","	SN BERNARDINO CA 923","	","	SN BERNARDINO CA 923 ","	","	SCF SN BERNARDINO CA 923"
"	924","	N","	SN BERNARDINO CA 924","	","	SN BERNARDINO CA 924 ","	","	SCF SN BERNARDINO CA 923"
"	925","	N","	SN BERNARDINO CA 925","	","	SN BERNARDINO CA 925 ","	","	SCF SN BERNARDINO CA 923"
"	926","	N","	SANTA ANA CA 926","	","	SANTA ANA CA 926 ","	","	SCF SANTA ANA CA 926"
"	927","	N","	SANTA ANA CA 927","	","	SANTA ANA CA 927 ","	","	SCF SANTA ANA CA 926"
"	928","	N","	ANAHEIM CA 928","	","	ANAHEIM CA 928 ","	","	ANAHEIM CA 928"
"	930","	N","	SANTA BARBARA CA 930","	","	SANTA BARBARA CA 930 ","	","	SCF SANTA BARBARA CA 931"
"	931","	N","	SANTA BARBARA CA 931","	","	SANTA BARBARA CA 931 ","	","	SCF SANTA BARBARA CA 931"
"	932","	N","	BAKERSFIELD CA 932","	","	BAKERSFIELD CA 932 ","	","	SCF BAKERSFIELD CA 932"
"	933","	N","	BAKERSFIELD CA 933","	","	BAKERSFIELD CA 933 ","	","	SCF BAKERSFIELD CA 932"
"	934","	N","	SANTA BARBARA CA 934","	","	SANTA BARBARA CA 934 ","	","	SCF SANTA BARBARA CA 931"
"	935","	N","	BAKERSFIELD CA 935","	","	BAKERSFIELD CA 935 ","	","	SCF BAKERSFIELD CA 932"
"	936","	N","	FRESNO CA 936","	","	FRESNO CA 936 ","	","	SCF FRESNO CA 936"
"	937","	N","	FRESNO CA 937","	","	FRESNO CA 937 ","	","	SCF FRESNO CA 936"
"	938","	N","	FRESNO CA 938","	","	FRESNO CA 938 ","	","	SCF FRESNO CA 936"
"	939","	N","	SAN JOSE CA 939","	","	SAN JOSE CA 939 ","	","	SCF SAN JOSE CA 950"
"	940","	N","	SAN FRANCISCO CA 940","	","	SAN FRANCISCO CA 940 ","	","	SCF SAN FRANCISCO CA 940"
"	941","	N","	SAN FRANCISCO CA 941","	","	SAN FRANCISCO CA 941 ","	","	SCF SAN FRANCISCO CA 940"
"	942","	N","	SACRAMENTO CA 942","	","	SACRAMENTO CA 942 ","	","	SCF SACRAMENTO CA 956"
"	943","	N","	SAN FRANCISCO CA 943","	","	SAN FRANCISCO CA 943 ","	","	SCF SAN FRANCISCO CA 940"
"	944","	N","	SAN FRANCISCO CA 944","	","	SAN FRANCISCO CA 944 ","	","	SCF SAN FRANCISCO CA 940"
"	945","	N","	OAKLAND CA 945","	","	OAKLAND CA 945 ","	","	SCF OAKLAND CA 945"
"	946","	N","	OAKLAND CA 946","	","	OAKLAND CA 946 ","	","	SCF OAKLAND CA 945"
"	947","	N","	OAKLAND CA 947","	","	OAKLAND CA 947 ","	","	SCF OAKLAND CA 945"
"	948","	N","	OAKLAND CA 948","	","	OAKLAND CA 948 ","	","	SCF OAKLAND CA 945"
"	949","	","	NORTH BAY CA 949","	","	NORTH BAY CA 949 ","	","	SCF SAN FRANCISCO CA 940"
"	950","	N","	SAN JOSE CA 950","	","	SAN JOSE CA 950 ","	","	SCF SAN JOSE CA 950"
"	951","	N","	SAN JOSE CA 951","	","	SAN JOSE CA 951 ","	","	SCF SAN JOSE CA 950"
"	952","	N","	SACRAMENTO CA 952","	","	SACRAMENTO CA 952 ","	","	SCF SACRAMENTO CA 956"
"	953","	N","	SACRAMENTO CA 953","	","	SACRAMENTO CA 953 ","	","	SCF SACRAMENTO CA 956"
"	954","	","	NORTH BAY CA 954","	","	NORTH BAY CA 954 ","	","	SCF SAN FRANCISCO CA 940"
"	955","	N","	EUREKA CA 955","	","	EUREKA CA 955 ","	","	EUREKA CA 955"
"	956","	N","	SACRAMENTO CA 956","	","	SACRAMENTO CA 956 ","	","	SCF SACRAMENTO CA 956"
"	957","	N","	SACRAMENTO CA 957","	","	SACRAMENTO CA 957 ","	","	SCF SACRAMENTO CA 956"
"	958","	N","	SACRAMENTO CA 958","	","	SACRAMENTO CA 958 ","	","	SCF SACRAMENTO CA 956"
"	959","	N","	SACRAMENTO CA 959","	","	SACRAMENTO CA 959 ","	","	SCF SACRAMENTO CA 956"
"	960","	N","	REDDING CA 960","	","	REDDING CA 960 ","	","	REDDING CA 960"
"	961","	N","	RENO NV 961","	","	RENO NV 961 ","	","	SCF RENO NV 894"
"	962","	","	APO/FPO  AP 962","	","	APO/FPO  AP 962 ","	S","	"
"	963","	","	APO/FPO  AP 963","	","	APO/FPO  AP 962 ","	S","	"
"	964","	","	APO/FPO  AP 964","	","	APO/FPO  AP 962 ","	S","	"
"	965","	","	APO/FPO  AP 965","	","	APO/FPO  AP 962 ","	S","	"
"	966","	","	APO/FPO  AP 966","	","	APO/FPO  AP 962 ","	S","	"
"	967","	N","	HONOLULU HI 967","	","	HONOLULU HI 967 ","	","	SCF HONOLULU HI 967"
"	968","	N","	HONOLULU HI 968","	","	HONOLULU HI 968 ","	","	SCF HONOLULU HI 967"
"	969","	N","	BARRIGADA GU 969","	","	BARRIGADA GU 969 ","	","	BARRIGADA GU 969"
"	970","	","	PORTLAND OR 970","	","	PORTLAND OR 970 ","	","	SCF PORTLAND OR 970"
"	971","	","	PORTLAND OR 971","	","	PORTLAND OR 971 ","	","	SCF PORTLAND OR 970"
"	972","	","	PORTLAND OR 972","	U","	PORTLAND OR 972 ","	","	SCF PORTLAND OR 970"
"	973","	","	PORTLAND OR 973","	","	PORTLAND OR 973 ","	","	SCF PORTLAND OR 970"
"	974","	","	EUGENE OR 974","	","	EUGENE OR 974 ","	","	EUGENE OR 974"
"	975","	","	MEDFORD OR 975","	","	MEDFORD OR 975 ","	","	SCF MEDFORD OR 975"
"	976","	","	MEDFORD OR 976","	","	MEDFORD OR 976 ","	","	SCF MEDFORD OR 975"
"	977","	","	PORTLAND OR 977","	","	PORTLAND OR 977 ","	","	SCF PORTLAND OR 970"
"	978","	","	PORTLAND OR 978","	","	PORTLAND OR 978 ","	","	SCF PORTLAND OR 970"
"	979","	","	BOISE ID 979","	","	BOISE ID 979 ","	","	SCF BOISE ID 836"
"	980","	","	SEATTLE WA 980","	","	SEATTLE WA 980 ","	","	SCF SEATTLE WA 980"
"	981","	","	SEATTLE WA 981","	U","	SEATTLE WA 981 ","	","	SCF SEATTLE WA 980"
"	982","	","	SEATTLE WA 982","	","	SEATTLE WA 982 ","	","	SCF SEATTLE WA 980"
"	983","	","	TACOMA WA 983","	","	TACOMA WA 983 ","	","	SCF TACOMA WA 983"
"	984","	","	TACOMA WA 984","	U","	TACOMA WA 984 ","	","	SCF TACOMA WA 983"
"	985","	","	TACOMA WA 985","	","	TACOMA WA 985 ","	","	SCF TACOMA WA 983"
"	986","	","	PORTLAND OR 986","	","	PORTLAND OR 986 ","	","	SCF PORTLAND OR 970"
"	988","	","	WENATCHEE WA 988","	","	WENATCHEE WA 988 ","	","	WENATCHEE WA 988"
"	989","	","	YAKIMA WA 989","	","	YAKIMA WA 989 ","	","	YAKIMA WA 989"
"	990","	","	SPOKANE WA 990","	","	SPOKANE WA 990 ","	","	SCF SPOKANE WA 990"
"	991","	","	SPOKANE WA 991","	","	SPOKANE WA 991 ","	","	SCF SPOKANE WA 990"
"	992","	","	SPOKANE WA 992","	U","	SPOKANE WA 992 ","	","	SCF SPOKANE WA 990"
"	993","	","	SPOKANE WA 993","	","	SPOKANE WA 993 ","	","	SCF SPOKANE WA 990"
"	994","	","	SPOKANE WA 994","	","	SPOKANE WA 994 ","	","	SCF SPOKANE WA 990"
"	995","	","	ANCHORAGE AK 995","	","	ANCHORAGE AK 995 ","	","	SCF ANCHORAGE AK 995"
"	996","	","	ANCHORAGE AK 996","	","	ANCHORAGE AK 996 ","	","	SCF ANCHORAGE AK 995"
"	997","	","	FAIRBANKS AK 997","	","	FAIRBANKS AK 997 ","	","	SCF ANCHORAGE AK 995"
"	998","	","	JUNEAU AK 998","	","	JUNEAU AK 998 ","	","	JUNEAU AK 998"
"	999","	","	KETCHIKAN AK 999","	","	KETCHIKAN AK 999 ","	","	KETCHIKAN AK 999"
